sample_idx,ns
0,701
1,380
2,271
3,250
4,251
5,250
6,250
7,241
8,270
9,270
10,250
11,250
12,241
13,251
14,250
15,251
16,250
17,261
18,260
19,241
20,250
21,241
22,240
23,240
24,241
25,240
26,251
27,250
28,271
29,250
30,251
31,250
32,251
33,260
34,251
35,251
36,250
37,251
38,290
39,251
40,271
41,280
42,251
43,250
44,250
45,251
46,300
47,261
48,240
49,241
50,240
51,241
52,250
53,241
54,240
55,241
56,240
57,240
58,251
59,250
60,241
61,240
62,240
63,241
64,250
65,250
66,241
67,241
68,250
69,251
70,250
71,251
72,241
73,240
74,241
75,250
76,260
77,260
78,260
79,251
80,240
81,251
82,240
83,251
84,251
85,250
86,251
87,250
88,251
89,251
90,250
91,241
92,260
93,260
94,250
95,251
96,250
97,241
98,250
99,240
100,241
101,251
102,240
103,250
104,251
105,250
106,241
107,240
108,260
109,260
110,251
111,250
112,251
113,250
114,251
115,250
116,250
117,251
118,250
119,251
120,240
121,241
122,240
123,251
124,250
125,250
126,241
127,250
128,261
129,251
130,250
131,240
132,251
133,250
134,251
135,240
136,251
137,250
138,241
139,240
140,250
141,251
142,250
143,251
144,250
145,251
146,240
147,241
148,261
149,271
150,240
151,241
152,241
153,240
154,241
155,240
156,241
157,250
158,251
159,240
160,251
161,250
162,251
163,250
164,240
165,251
166,250
167,251
168,240
169,251
170,240
171,241
172,261
173,260
174,251
175,250
176,251
177,250
178,251
179,250
180,251
181,250
182,251
183,240
184,240
185,261
186,240
187,251
188,240
189,251
190,250
191,251
192,250
193,251
194,240
195,250
196,251
197,250
198,251
199,250
200,260
201,261
202,250
203,251
204,240
205,240
206,241
207,240
208,251
209,240
210,241
211,240
212,241
213,250
214,250
215,251
216,250
217,251
218,240
219,251
220,601
221,351
222,461
223,241
224,250
225,251
226,240
227,241
228,251
229,250
230,251
231,250
232,260
233,251
234,250
235,250
236,241
237,240
238,251
239,250
240,241
241,240
242,251
243,250
244,251
245,250
246,240
247,251
248,250
249,241
250,250
251,251
252,240
253,241
254,240
255,251
256,250
257,241
258,250
259,251
260,250
261,240
262,241
263,240
264,241
265,240
266,241
267,240
268,271
269,261
270,240
271,251
272,240
273,241
274,240
275,240
276,241
277,250
278,241
279,230
280,241
281,240
282,241
283,240
284,241
285,240
286,241
287,240
288,231
289,240
290,240
291,250
292,240
293,251
294,230
295,241
296,240
297,241
298,250
299,271
300,441
301,261
302,240
303,241
304,240
305,240
306,241
307,240
308,250
309,251
310,260
311,251
312,240
313,241
314,240
315,240
316,241
317,240
318,241
319,240
320,241
321,240
322,241
323,240
324,241
325,230
326,240
327,241
328,240
329,241
330,240
331,241
332,230
333,241
334,240
335,240
336,251
337,240
338,241
339,230
340,241
341,240
342,241
343,240
344,251
345,240
346,241
347,240
348,240
349,231
350,240
351,231
352,250
353,241
354,240
355,241
356,240
357,241
358,240
359,241
360,240
361,241
362,240
363,240
364,231
365,240
366,241
367,240
368,241
369,240
370,241
371,240
372,241
373,240
374,241
375,240
376,240
377,241
378,230
379,241
380,240
381,241
382,240
383,241
384,240
385,241
386,240
387,230
388,241
389,240
390,231
391,240
392,241
393,240
394,241
395,230
396,230
397,241
398,240
399,241
400,250
401,260
402,250
403,241
404,250
405,241
406,240
407,231
408,240
409,241
410,240
411,231
412,240
413,241
414,240
415,240
416,241
417,250
418,251
419,240
420,241
421,240
422,241
423,230
424,231
425,240
426,240
427,241
428,250
429,241
430,240
431,241
432,240
433,251
434,240
435,231
436,240
437,241
438,240
439,230
440,241
441,240
442,231
443,240
444,231
445,240
446,241
447,240
448,251
449,240
450,241
451,240
452,250
453,241
454,240
455,241
456,250
457,240
458,240
459,231
460,240
461,241
462,240
463,241
464,240
465,241
466,230
467,241
468,231
469,240
470,241
471,230
472,241
473,230
474,241
475,240
476,231
477,240
478,240
479,241
480,230
481,241
482,230
483,241
484,240
485,241
486,240
487,240
488,241
489,240
490,241
491,240
492,241
493,240
494,231
495,240
496,241
497,240
498,240
499,241
500,240
501,241
502,240
503,241
504,230
505,241
506,240
507,241
508,240
509,241
510,240
511,240
512,241
513,230
514,241
515,240
516,241
517,240
518,241
519,240
520,260
521,250
522,250
523,241
524,240
525,241
526,240
527,251
528,240
529,241
530,240
531,251
532,240
533,241
534,250
535,241
536,240
537,241
538,240
539,251
540,240
541,240
542,241
543,240
544,241
545,240
546,241
547,240
548,241
549,240
550,241
551,250
552,281
553,350
554,310
555,280
556,261
557,250
558,230
559,241
560,240
561,251
562,240
563,241
564,250
565,241
566,240
567,240
568,241
569,240
570,241
571,230
572,241
573,230
574,241
575,240
576,240
577,231
578,240
579,241
580,240
581,231
582,240
583,251
584,241
585,250
586,241
587,240
588,241
589,250
590,241
591,240
592,260
593,270
594,240
595,240
596,250
597,241
598,240
599,241
600,240
601,241
602,230
603,241
604,240
605,241
606,240
607,240
608,231
609,240
610,251
611,250
612,251
613,240
614,251
615,240
616,241
617,250
618,240
619,251
620,250
621,241
622,250
623,241
624,240
625,241
626,240
627,240
628,241
629,240
630,241
631,240
632,241
633,240
634,241
635,250
636,241
637,240
638,240
639,241
640,240
641,251
642,240
643,231
644,240
645,241
646,240
647,241
648,250
649,240
650,241
651,250
652,251
653,240
654,241
655,240
656,241
657,240
658,241
659,240
660,240
661,241
662,250
663,241
664,240
665,241
666,240
667,241
668,250
669,251
670,240
671,240
672,250
673,261
674,240
675,241
676,250
677,250
678,241
679,240
680,241
681,230
682,241
683,240
684,241
685,240
686,241
687,230
688,240
689,241
690,240
691,241
692,240
693,231
694,240
695,241
696,240
697,240
698,241
699,240
700,241
701,240
702,241
703,250
704,241
705,240
706,240
707,251
708,240
709,241
710,250
711,241
712,240
713,241
714,250
715,241
716,240
717,241
718,250
719,240
720,240
721,240
722,241
723,240
724,241
725,250
726,251
727,240
728,241
729,250
730,241
731,240
732,240
733,241
734,240
735,251
736,240
737,241
738,240
739,241
740,240
741,241
742,250
743,240
744,241
745,240
746,241
747,250
748,241
749,240
750,241
751,250
752,241
753,240
754,241
755,240
756,240
757,241
758,250
759,241
760,250
761,250
762,240
763,251
764,240
765,241
766,240
767,241
768,240
769,241
770,240
771,241
772,250
773,240
774,241
775,240
776,241
777,240
778,251
779,240
780,241
781,240
782,251
783,240
784,240
785,240
786,240
787,241
788,240
789,241
790,240
791,241
792,240
793,241
794,240
795,240
796,241
797,240
798,231
799,230
800,241
801,240
802,231
803,240
804,250
805,240
806,240
807,271
808,281
809,250
810,261
811,240
812,241
813,250
814,240
815,251
816,240
817,251
818,240
819,251
820,240
821,241
822,240
823,251
824,240
825,241
826,240
827,241
828,240
829,230
830,251
831,240
832,241
833,230
834,241
835,240
836,241
837,240
838,240
839,241
840,240
841,251
842,240
843,241
844,240
845,241
846,240
847,251
848,240
849,240
850,241
851,240
852,251
853,240
854,251
855,250
856,251
857,240
858,241
859,240
860,251
861,250
862,241
863,240
864,241
865,240
866,231
867,240
868,240
869,251
870,240
871,241
872,240
873,241
874,240
875,241
876,240
877,231
878,240
879,240
880,241
881,240
882,251
883,240
884,241
885,250
886,241
887,240
888,251
889,240
890,240
891,241
892,240
893,241
894,240
895,241
896,240
897,241
898,240
899,241
900,240
901,240
902,231
903,240
904,241
905,230
906,241
907,240
908,231
909,240
910,241
911,240
912,230
913,241
914,240
915,241
916,240
917,251
918,240
919,251
920,250
921,421
922,280
923,270
924,271
925,250
926,261
927,260
928,251
929,250
930,251
931,250
932,250
933,250
934,240
935,251
936,250
937,250
938,240
939,241
940,250
941,241
942,240
943,241
944,250
945,251
946,250
947,251
948,240
949,241
950,250
951,241
952,240
953,251
954,240
955,241
956,240
957,251
958,240
959,231
960,280
961,251
962,240
963,241
964,250
965,241
966,240
967,241
968,290
969,281
970,250
971,251
972,240
973,250
974,250
975,241
976,240
977,241
978,240
979,241
980,240
981,231
982,240
983,241
984,240
985,251
986,240
987,241
988,240
989,230
990,241
991,240
992,241
993,240
994,241
995,240
996,241
997,260
998,241
999,240
1000,251
1001,251
1002,240
1003,251
1004,250
1005,241
1006,250
1007,251
1008,250
1009,251
1010,250
1011,251
1012,250
1013,250
1014,251
1015,250
1016,251
1017,250
1018,251
1019,250
1020,241
1021,250
1022,251
1023,240
1024,241
1025,240
1026,241
1027,240
1028,241
1029,261
1030,240
1031,251
1032,240
1033,241
1034,240
1035,251
1036,250
1037,251
1038,250
1039,241
1040,240
1041,241
1042,240
1043,241
1044,240
1045,241
1046,250
1047,241
1048,240
1049,261
1050,240
1051,251
1052,240
1053,241
1054,250
1055,251
1056,250
1057,251
1058,250
1059,251
1060,250
1061,251
1062,240
1063,241
1064,240
1065,240
1066,240
1067,250
1068,240
1069,260
1070,240
1071,241
1072,240
1073,251
1074,250
1075,251
1076,240
1077,241
1078,250
1079,251
1080,250
1081,251
1082,240
1083,251
1084,240
1085,241
1086,240
1087,251
1088,250
1089,241
1090,250
1091,251
1092,240
1093,261
1094,250
1095,251
1096,240
1097,251
1098,250
1099,240
1100,250
1101,250
1102,241
1103,250
1104,241
1105,250
1106,251
1107,240
1108,251
1109,250
1110,251
1111,250
1112,251
1113,240
1114,251
1115,250
1116,251
1117,250
1118,241
1119,240
1120,251
1121,260
1122,241
1123,240
1124,241
1125,250
1126,251
1127,240
1128,251
1129,240
1130,251
1131,250
1132,241
1133,250
1134,240
1135,240
1136,240
1137,250
1138,250
1139,251
1140,250
1141,251
1142,240
1143,251
1144,250
1145,261
1146,260
1147,251
1148,250
1149,251
1150,250
1151,251
1152,250
1153,261
1154,260
1155,251
1156,250
1157,251
1158,250
1159,251
1160,240
1161,241
1162,240
1163,251
1164,240
1165,241
1166,240
1167,251
1168,240
1169,251
1170,240
1171,240
1172,250
1173,241
1174,240
1175,241
1176,240
1177,251
1178,240
1179,240
1180,240
1181,240
1182,250
1183,250
1184,250
1185,250
1186,241
1187,250
1188,240
1189,260
1190,251
1191,250
1192,241
1193,240
1194,251
1195,250
1196,241
1197,240
1198,251
1199,250
1200,241
1201,250
1202,251
1203,240
1204,241
1205,250
1206,241
1207,250
1208,251
1209,250
1210,241
1211,240
1212,251
1213,240
1214,251
1215,250
1216,251
1217,240
1218,251
1219,240
1220,251
1221,280
1222,310
1223,271
1224,271
1225,260
1226,251
1227,250
1228,251
1229,270
1230,261
1231,240
1232,251
1233,250
1234,241
1235,240
1236,241
1237,240
1238,240
1239,240
1240,250
1241,251
1242,240
1243,241
1244,240
1245,251
1246,240
1247,251
1248,250
1249,251
1250,240
1251,251
1252,240
1253,251
1254,240
1255,251
1256,250
1257,241
1258,240
1259,241
1260,250
1261,251
1262,240
1263,241
1264,240
1265,241
1266,240
1267,251
1268,240
1269,251
1270,240
1271,240
1272,250
1273,260
1274,251
1275,240
1276,251
1277,240
1278,251
1279,250
1280,241
1281,250
1282,251
1283,250
1284,241
1285,250
1286,251
1287,250
1288,241
1289,240
1290,241
1291,240
1292,241
1293,240
1294,241
1295,250
1296,251
1297,240
1298,251
1299,250
1300,251
1301,250
1302,241
1303,250
1304,241
1305,240
1306,251
1307,240
1308,250
1309,241
1310,240
1311,251
1312,250
1313,251
1314,240
1315,241
1316,240
1317,241
1318,240
1319,241
1320,250
1321,260
1322,241
1323,240
1324,251
1325,240
1326,251
1327,250
1328,251
1329,240
1330,241
1331,250
1332,251
1333,250
1334,241
1335,240
1336,251
1337,250
1338,241
1339,250
1340,251
1341,250
1342,261
1343,250
1344,251
1345,250
1346,241
1347,250
1348,241
1349,250
1350,241
1351,250
1352,241
1353,250
1354,251
1355,250
1356,241
1357,250
1358,241
1359,250
1360,251
1361,250
1362,251
1363,240
1364,251
1365,240
1366,251
1367,240
1368,251
1369,250
1370,241
1371,240
1372,251
1373,250
1374,241
1375,240
1376,251
1377,250
1378,251
1379,250
1380,251
1381,250
1382,241
1383,250
1384,241
1385,240
1386,241
1387,250
1388,241
1389,240
1390,281
1391,250
1392,240
1393,250
1394,250
1395,241
1396,240
1397,251
1398,240
1399,241
1400,240
1401,251
1402,250
1403,251
1404,250
1405,281
1406,250
1407,251
1408,250
1409,251
1410,250
1411,241
1412,250
1413,261
1414,240
1415,251
1416,240
1417,251
1418,250
1419,251
1420,250
1421,261
1422,250
1423,241
1424,250
1425,251
1426,240
1427,241
1428,250
1429,241
1430,240
1431,241
1432,250
1433,251
1434,250
1435,251
1436,240
1437,241
1438,240
1439,251
1440,260
1441,250
1442,251
1443,250
1444,241
1445,240
1446,241
1447,240
1448,241
1449,240
1450,241
1451,250
1452,251
1453,260
1454,241
1455,250
1456,241
1457,240
1458,241
1459,250
1460,241
1461,250
1462,241
1463,250
1464,241
1465,240
1466,251
1467,250
1468,251
1469,240
1470,241
1471,250
1472,241
1473,250
1474,281
1475,261
1476,260
1477,251
1478,250
1479,241
1480,240
1481,241
1482,240
1483,251
1484,250
1485,241
1486,240
1487,241
1488,240
1489,241
1490,240
1491,251
1492,240
1493,241
1494,250
1495,250
1496,240
1497,240
1498,240
1499,240
1500,250
1501,250
1502,240
1503,250
1504,240
1505,250
1506,251
1507,240
1508,251
1509,240
1510,231
1511,240
1512,241
1513,260
1514,241
1515,240
1516,271
1517,240
1518,251
1519,240
1520,251
1521,250
1522,251
1523,250
1524,241
1525,250
1526,251
1527,250
1528,251
1529,240
1530,241
1531,240
1532,241
1533,240
1534,241
1535,240
1536,241
1537,240
1538,241
1539,240
1540,241
1541,240
1542,241
1543,250
1544,241
1545,240
1546,241
1547,240
1548,241
1549,240
1550,251
1551,240
1552,241
1553,240
1554,241
1555,250
1556,241
1557,240
1558,251
1559,250
1560,241
1561,240
1562,251
1563,250
1564,251
1565,250
1566,241
1567,240
1568,241
1569,240
1570,241
1571,240
1572,251
1573,240
1574,251
1575,240
1576,251
1577,240
1578,251
1579,240
1580,251
1581,250
1582,251
1583,240
1584,241
1585,250
1586,251
1587,270
1588,261
1589,260
1590,271
1591,240
1592,251
1593,270
1594,251
1595,250
1596,241
1597,250
1598,251
1599,250
1600,251
1601,250
1602,251
1603,240
1604,250
1605,250
1606,250
1607,251
1608,250
1609,251
1610,240
1611,251
1612,250
1613,251
1614,250
1615,241
1616,250
1617,241
1618,250
1619,241
1620,250
1621,251
1622,250
1623,241
1624,250
1625,251
1626,250
1627,251
1628,250
1629,241
1630,250
1631,251
1632,250
1633,251
1634,250
1635,251
1636,240
1637,241
1638,250
1639,251
1640,240
1641,241
1642,250
1643,241
1644,240
1645,251
1646,250
1647,251
1648,240
1649,261
1650,250
1651,251
1652,250
1653,251
1654,240
1655,261
1656,250
1657,251
1658,250
1659,251
1660,250
1661,241
1662,250
1663,251
1664,260
1665,251
1666,250
1667,261
1668,250
1669,251
1670,250
1671,261
1672,250
1673,250
1674,261
1675,250
1676,251
1677,250
1678,251
1679,260
1680,251
1681,260
1682,251
1683,250
1684,251
1685,250
1686,251
1687,240
1688,241
1689,250
1690,251
1691,250
1692,241
1693,240
1694,251
1695,250
1696,251
1697,250
1698,260
1699,240
1700,250
1701,251
1702,250
1703,251
1704,250
1705,241
1706,240
1707,251
1708,250
1709,241
1710,250
1711,251
1712,250
1713,241
1714,240
1715,251
1716,250
1717,251
1718,250
1719,251
1720,250
1721,251
1722,250
1723,251
1724,250
1725,251
1726,250
1727,251
1728,280
1729,341
1730,261
1731,260
1732,261
1733,260
1734,251
1735,250
1736,251
1737,240
1738,251
1739,240
1740,251
1741,240
1742,241
1743,240
1744,251
1745,240
1746,241
1747,250
1748,320
1749,310
1750,261
1751,250
1752,240
1753,240
1754,241
1755,240
1756,250
1757,241
1758,240
1759,241
1760,240
1761,241
1762,250
1763,241
1764,260
1765,251
1766,250
1767,241
1768,250
1769,251
1770,240
1771,251
1772,250
1773,251
1774,240
1775,241
1776,240
1777,241
1778,250
1779,241
1780,270
1781,241
1782,250
1783,251
1784,250
1785,241
1786,240
1787,281
1788,251
1789,250
1790,251
1791,240
1792,241
1793,240
1794,251
1795,290
1796,240
1797,240
1798,241
1799,250
1800,260
1801,241
1802,250
1803,251
1804,250
1805,241
1806,250
1807,251
1808,240
1809,241
1810,240
1811,251
1812,250
1813,241
1814,240
1815,241
1816,240
1817,251
1818,240
1819,241
1820,250
1821,241
1822,250
1823,241
1824,260
1825,250
1826,251
1827,240
1828,251
1829,240
1830,241
1831,240
1832,241
1833,240
1834,241
1835,240
1836,251
1837,240
1838,241
1839,250
1840,261
1841,240
1842,251
1843,230
1844,241
1845,250
1846,241
1847,240
1848,241
1849,240
1850,251
1851,240
1852,251
1853,240
1854,241
1855,230
1856,261
1857,240
1858,241
1859,240
1860,231
1861,240
1862,241
1863,240
1864,241
1865,240
1866,241
1867,250
1868,231
1869,240
1870,241
1871,240
1872,251
1873,240
1874,241
1875,240
1876,251
1877,250
1878,241
1879,250
1880,241
1881,240
1882,241
1883,240
1884,241
1885,240
1886,251
1887,240
1888,241
1889,240
1890,241
1891,240
1892,241
1893,240
1894,241
1895,240
1896,250
1897,241
1898,240
1899,241
1900,240
1901,241
1902,250
1903,240
1904,240
1905,240
1906,241
1907,240
1908,241
1909,230
1910,241
1911,240
1912,241
1913,240
1914,241
1915,250
1916,231
1917,240
1918,241
1919,240
1920,251
1921,250
1922,241
1923,240
1924,241
1925,240
1926,241
1927,250
1928,241
1929,240
1930,241
1931,250
1932,251
1933,240
1934,241
1935,230
1936,241
1937,240
1938,241
1939,240
1940,241
1941,240
1942,241
1943,240
1944,241
1945,240
1946,241
1947,240
1948,251
1949,240
1950,241
1951,250
1952,241
1953,240
1954,241
1955,230
1956,241
1957,240
1958,231
1959,240
1960,231
1961,250
1962,241
1963,240
1964,241
1965,250
1966,241
1967,240
1968,240
1969,240
1970,240
1971,241
1972,240
1973,231
1974,240
1975,241
1976,240
1977,231
1978,230
1979,231
1980,250
1981,251
1982,250
1983,251
1984,240
1985,241
1986,240
1987,241
1988,240
1989,231
1990,240
1991,241
1992,250
1993,241
1994,240
1995,241
1996,240
1997,231
1998,240
1999,231
2000,240
2001,241
2002,240
2003,241
2004,240
2005,240
2006,240
2007,240
2008,231
2009,240
2010,241
2011,250
2012,231
2013,240
2014,241
2015,240
2016,251
2017,251
2018,240
2019,230
2020,240
2021,240
2022,231
2023,230
2024,241
2025,240
2026,241
2027,240
2028,241
2029,240
2030,231
2031,240
2032,241
2033,240
2034,241
2035,240
2036,241
2037,230
2038,231
2039,240
2040,231
2041,240
2042,241
2043,230
2044,241
2045,240
2046,230
2047,240
2048,281
2049,260
2050,261
2051,260
2052,261
2053,240
2054,241
2055,240
2056,251
2057,250
2058,251
2059,240
2060,251
2061,240
2062,241
2063,240
2064,241
2065,240
2066,241
2067,240
2068,241
2069,240
2070,251
2071,250
2072,251
2073,250
2074,251
2075,240
2076,241
2077,240
2078,241
2079,240
2080,241
2081,240
2082,241
2083,240
2084,251
2085,240
2086,251
2087,240
2088,231
2089,240
2090,261
2091,240
2092,241
2093,240
2094,241
2095,240
2096,241
2097,240
2098,241
2099,240
2100,260
2101,241
2102,240
2103,241
2104,240
2105,251
2106,250
2107,241
2108,240
2109,240
2110,240
2111,240
2112,251
2113,240
2114,241
2115,240
2116,241
2117,240
2118,241
2119,240
2120,241
2121,250
2122,241
2123,240
2124,241
2125,240
2126,241
2127,240
2128,241
2129,240
2130,241
2131,240
2132,241
2133,240
2134,241
2135,240
2136,251
2137,240
2138,251
2139,240
2140,251
2141,240
2142,241
2143,250
2144,241
2145,240
2146,251
2147,240
2148,261
2149,240
2150,231
2151,240
2152,251
2153,240
2154,241
2155,240
2156,241
2157,240
2158,251
2159,240
2160,241
2161,250
2162,241
2163,240
2164,241
2165,240
2166,241
2167,250
2168,251
2169,240
2170,241
2171,240
2172,241
2173,240
2174,251
2175,240
2176,241
2177,240
2178,241
2179,230
2180,241
2181,250
2182,251
2183,240
2184,241
2185,240
2186,241
2187,240
2188,241
2189,240
2190,251
2191,240
2192,241
2193,240
2194,241
2195,240
2196,241
2197,240
2198,251
2199,250
2200,241
2201,240
2202,241
2203,240
2204,261
2205,240
2206,241
2207,240
2208,241
2209,240
2210,241
2211,240
2212,241
2213,240
2214,241
2215,240
2216,241
2217,240
2218,241
2219,240
2220,241
2221,240
2222,241
2223,240
2224,240
2225,240
2226,230
2227,231
2228,240
2229,241
2230,240
2231,241
2232,240
2233,241
2234,240
2235,241
2236,230
2237,241
2238,250
2239,241
2240,240
2241,251
2242,240
2243,241
2244,250
2245,251
2246,250
2247,251
2248,240
2249,241
2250,250
2251,241
2252,240
2253,241
2254,240
2255,251
2256,250
2257,241
2258,240
2259,241
2260,240
2261,241
2262,230
2263,241
2264,240
2265,251
2266,250
2267,251
2268,250
2269,251
2270,240
2271,251
2272,240
2273,241
2274,240
2275,241
2276,240
2277,251
2278,240
2279,241
2280,240
2281,251
2282,240
2283,241
2284,240
2285,251
2286,250
2287,241
2288,240
2289,241
2290,240
2291,241
2292,240
2293,241
2294,240
2295,241
2296,240
2297,241
2298,250
2299,241
2300,240
2301,281
2302,260
2303,251
2304,260
2305,250
2306,241
2307,240
2308,240
2309,240
2310,240
2311,231
2312,240
2313,241
2314,240
2315,241
2316,240
2317,231
2318,240
2319,241
2320,240
2321,241
2322,250
2323,241
2324,240
2325,241
2326,230
2327,241
2328,240
2329,231
2330,240
2331,241
2332,240
2333,240
2334,241
2335,240
2336,241
2337,240
2338,241
2339,240
2340,261
2341,240
2342,251
2343,250
2344,241
2345,240
2346,241
2347,240
2348,231
2349,240
2350,241
2351,240
2352,241
2353,240
2354,241
2355,240
2356,241
2357,240
2358,231
2359,240
2360,231
2361,240
2362,231
2363,230
2364,240
2365,230
2366,250
2367,241
2368,240
2369,241
2370,240
2371,241
2372,230
2373,251
2374,240
2375,241
2376,240
2377,231
2378,230
2379,241
2380,240
2381,241
2382,240
2383,241
2384,230
2385,241
2386,240
2387,241
2388,230
2389,240
2390,241
2391,240
2392,241
2393,250
2394,241
2395,240
2396,241
2397,240
2398,241
2399,240
2400,231
2401,250
2402,241
2403,230
2404,241
2405,230
2406,241
2407,240
2408,241
2409,230
2410,241
2411,240
2412,241
2413,240
2414,240
2415,241
2416,240
2417,241
2418,240
2419,241
2420,250
2421,240
2422,240
2423,240
2424,240
2425,240
2426,241
2427,250
2428,251
2429,240
2430,241
2431,240
2432,251
2433,240
2434,241
2435,240
2436,241
2437,240
2438,241
2439,240
2440,251
2441,250
2442,251
2443,240
2444,241
2445,250
2446,241
2447,240
2448,241
2449,240
2450,241
2451,240
2452,240
2453,250
2454,240
2455,240
2456,240
2457,251
2458,240
2459,251
2460,240
2461,251
2462,240
2463,231
2464,250
2465,231
2466,240
2467,231
2468,240
2469,231
2470,260
2471,241
2472,240
2473,231
2474,240
2475,251
2476,240
2477,241
2478,230
2479,241
2480,240
2481,241
2482,240
2483,241
2484,240
2485,241
2486,230
2487,251
2488,230
2489,241
2490,230
2491,240
2492,231
2493,240
2494,241
2495,230
2496,231
2497,230
2498,231
2499,230
2500,241
2501,240
2502,241
2503,240
2504,241
2505,240
2506,241
2507,240
2508,251
2509,240
2510,241
2511,240
2512,231
2513,240
2514,241
2515,240
2516,241
2517,240
2518,231
2519,230
2520,240
2521,230
2522,240
2523,451
2524,360
2525,361
2526,351
2527,361
2528,361
2529,390
2530,310
2531,330
2532,340
2533,360
2534,320
2535,351
2536,371
2537,381
2538,251
2539,250
2540,251
2541,240
2542,241
2543,230
2544,241
2545,230
2546,251
2547,240
2548,241
2549,240
2550,231
2551,240
2552,241
2553,240
2554,240
2555,270
2556,331
2557,240
2558,231
2559,240
2560,261
2561,251
2562,240
2563,240
2564,240
2565,240
2566,241
2567,391
2568,310
2569,271
2570,240
2571,251
2572,240
2573,241
2574,240
2575,240
2576,251
2577,240
2578,241
2579,230
2580,231
2581,240
2582,241
2583,240
2584,251
2585,240
2586,241
2587,240
2588,241
2589,240
2590,241
2591,250
2592,251
2593,250
2594,251
2595,240
2596,241
2597,240
2598,241
2599,251
2600,250
2601,241
2602,240
2603,241
2604,240
2605,241
2606,270
2607,261
2608,240
2609,241
2610,240
2611,241
2612,240
2613,241
2614,290
2615,251
2616,240
2617,251
2618,240
2619,250
2620,231
2621,240
2622,241
2623,240
2624,241
2625,230
2626,240
2627,230
2628,240
2629,230
2630,240
2631,250
2632,251
2633,240
2634,241
2635,230
2636,241
2637,240
2638,241
2639,240
2640,241
2641,230
2642,241
2643,260
2644,240
2645,230
2646,240
2647,240
2648,241
2649,240
2650,241
2651,230
2652,251
2653,230
2654,241
2655,240
2656,231
2657,230
2658,241
2659,250
2660,241
2661,240
2662,241
2663,230
2664,241
2665,240
2666,231
2667,240
2668,231
2669,230
2670,241
2671,240
2672,241
2673,240
2674,230
2675,260
2676,241
2677,250
2678,241
2679,230
2680,231
2681,230
2682,241
2683,240
2684,241
2685,230
2686,241
2687,230
2688,241
2689,230
2690,241
2691,240
2692,231
2693,230
2694,240
2695,250
2696,241
2697,240
2698,251
2699,250
2700,241
2701,240
2702,241
2703,240
2704,241
2705,230
2706,251
2707,240
2708,241
2709,250
2710,241
2711,240
2712,251
2713,240
2714,241
2715,260
2716,240
2717,240
2718,240
2719,240
2720,251
2721,240
2722,231
2723,240
2724,241
2725,230
2726,241
2727,230
2728,231
2729,230
2730,241
2731,230
2732,241
2733,230
2734,241
2735,240
2736,241
2737,240
2738,231
2739,250
2740,241
2741,230
2742,241
2743,240
2744,241
2745,230
2746,241
2747,240
2748,241
2749,240
2750,241
2751,240
2752,231
2753,230
2754,240
2755,240
2756,230
2757,231
2758,240
2759,251
2760,230
2761,241
2762,240
2763,251
2764,240
2765,241
2766,240
2767,251
2768,240
2769,241
2770,240
2771,251
2772,240
2773,231
2774,230
2775,241
2776,240
2777,241
2778,240
2779,231
2780,240
2781,231
2782,240
2783,241
2784,240
2785,241
2786,240
2787,241
2788,240
2789,241
2790,230
2791,231
2792,250
2793,241
2794,240
2795,241
2796,250
2797,241
2798,240
2799,250
2800,241
2801,240
2802,241
2803,240
2804,251
2805,240
2806,241
2807,240
2808,231
2809,240
2810,241
2811,240
2812,241
2813,240
2814,241
2815,250
2816,241
2817,240
2818,241
2819,250
2820,241
2821,240
2822,251
2823,250
2824,241
2825,250
2826,241
2827,240
2828,231
2829,240
2830,241
2831,240
2832,241
2833,240
2834,241
2835,250
2836,241
2837,240
2838,251
2839,250
2840,241
2841,240
2842,241
2843,240
2844,241
2845,240
2846,231
2847,240
2848,241
2849,240
2850,241
2851,240
2852,241
2853,240
2854,251
2855,240
2856,241
2857,240
2858,241
2859,240
2860,241
2861,240
2862,241
2863,240
2864,241
2865,240
2866,241
2867,280
2868,271
2869,260
2870,251
2871,250
2872,230
2873,240
2874,240
2875,251
2876,240
2877,241
2878,240
2879,241
2880,240
2881,241
2882,240
2883,241
2884,240
2885,251
2886,240
2887,231
2888,240
2889,251
2890,240
2891,231
2892,240
2893,231
2894,240
2895,241
2896,250
2897,251
2898,240
2899,241
2900,240
2901,240
2902,240
2903,240
2904,251
2905,230
2906,241
2907,240
2908,241
2909,240
2910,231
2911,240
2912,231
2913,240
2914,241
2915,240
2916,241
2917,240
2918,241
2919,250
2920,241
2921,240
2922,241
2923,240
2924,241
2925,230
2926,241
2927,240
2928,241
2929,230
2930,241
2931,240
2932,241
2933,240
2934,231
2935,230
2936,231
2937,240
2938,241
2939,240
2940,241
2941,240
2942,231
2943,230
2944,241
2945,230
2946,240
2947,240
2948,240
2949,241
2950,240
2951,241
2952,230
2953,231
2954,240
2955,241
2956,230
2957,241
2958,240
2959,231
2960,240
2961,231
2962,240
2963,231
2964,240
2965,241
2966,240
2967,251
2968,240
2969,241
2970,240
2971,241
2972,240
2973,251
2974,250
2975,241
2976,250
2977,251
2978,240
2979,241
2980,240
2981,241
2982,240
2983,241
2984,240
2985,241
2986,240
2987,231
2988,230
2989,241
2990,240
2991,241
2992,240
2993,241
2994,240
2995,241
2996,240
2997,241
2998,240
2999,241
3000,240
3001,251
3002,240
3003,251
3004,240
3005,241
3006,240
3007,241
3008,240
3009,241
3010,240
3011,251
3012,250
3013,241
3014,250
3015,241
3016,250
3017,241
3018,240
3019,241
3020,240
3021,240
3022,240
3023,251
3024,240
3025,241
3026,240
3027,241
3028,240
3029,241
3030,240
3031,230
3032,240
3033,240
3034,241
3035,250
3036,241
3037,250
3038,251
3039,240
3040,241
3041,240
3042,241
3043,240
3044,241
3045,240
3046,231
3047,240
3048,241
3049,230
3050,231
3051,230
3052,231
3053,240
3054,241
3055,240
3056,241
3057,230
3058,241
3059,240
3060,241
3061,230
3062,240
3063,240
3064,240
3065,241
3066,230
3067,241
3068,230
3069,241
3070,240
3071,241
3072,240
3073,231
3074,240
3075,241
3076,230
3077,231
3078,240
3079,231
3080,230
3081,251
3082,240
3083,251
3084,240
3085,241
3086,240
3087,241
3088,250
3089,251
3090,250
3091,241
3092,240
3093,241
3094,240
3095,241
3096,250
3097,251
3098,250
3099,241
3100,240
3101,241
3102,240
3103,241
3104,240
3105,241
3106,240
3107,241
3108,240
3109,241
3110,230
3111,241
3112,240
3113,241
3114,240
3115,251
3116,240
3117,231
3118,240
3119,241
3120,260
3121,261
3122,240
3123,261
3124,250
3125,251
3126,240
3127,251
3128,240
3129,241
3130,240
3131,241
3132,230
3133,241
3134,230
3135,241
3136,240
3137,241
3138,230
3139,241
3140,230
3141,241
3142,230
3143,241
3144,240
3145,230
3146,240
3147,250
3148,240
3149,240
3150,241
3151,240
3152,251
3153,230
3154,251
3155,250
3156,241
3157,240
3158,241
3159,240
3160,230
3161,240
3162,241
3163,240
3164,241
3165,230
3166,231
3167,240
3168,251
3169,240
3170,241
3171,240
3172,241
3173,230
3174,231
3175,240
3176,241
3177,240
3178,241
3179,240
3180,241
3181,240
3182,241
3183,240
3184,231
3185,230
3186,230
3187,240
3188,240
3189,230
3190,240
3191,251
3192,230
3193,241
3194,240
3195,241
3196,250
3197,241
3198,240
3199,241
3200,240
3201,241
3202,240
3203,241
3204,240
3205,251
3206,240
3207,231
3208,240
3209,241
3210,250
3211,251
3212,240
3213,241
3214,240
3215,241
3216,230
3217,231
3218,240
3219,241
3220,240
3221,231
3222,230
3223,231
3224,230
3225,231
3226,240
3227,241
3228,240
3229,230
3230,231
3231,230
3232,241
3233,240
3234,241
3235,230
3236,231
3237,230
3238,241
3239,250
3240,241
3241,230
3242,241
3243,240
3244,241
3245,250
3246,241
3247,240
3248,241
3249,240
3250,241
3251,240
3252,231
3253,240
3254,241
3255,240
3256,241
3257,240
3258,241
3259,230
3260,231
3261,240
3262,241
3263,240
3264,231
3265,240
3266,231
3267,240
3268,241
3269,230
3270,241
3271,230
3272,241
3273,230
3274,241
3275,230
3276,231
3277,240
3278,241
3279,240
3280,241
3281,240
3282,241
3283,240
3284,240
3285,240
3286,230
3287,241
3288,240
3289,241
3290,240
3291,241
3292,240
3293,241
3294,230
3295,241
3296,230
3297,241
3298,230
3299,241
3300,230
3301,251
3302,240
3303,241
3304,240
3305,241
3306,230
3307,241
3308,240
3309,241
3310,230
3311,231
3312,240
3313,241
3314,240
3315,231
3316,240
3317,240
3318,240
3319,230
3320,241
3321,230
3322,231
3323,230
3324,241
3325,240
3326,241
3327,240
3328,241
3329,230
3330,241
3331,240
3332,231
3333,240
3334,231
3335,240
3336,241
3337,250
3338,241
3339,240
3340,251
3341,240
3342,241
3343,240
3344,241
3345,240
3346,231
3347,240
3348,241
3349,240
3350,231
3351,240
3352,231
3353,240
3354,240
3355,240
3356,230
3357,241
3358,240
3359,231
3360,240
3361,241
3362,230
3363,231
3364,230
3365,241
3366,240
3367,241
3368,230
3369,241
3370,240
3371,241
3372,240
3373,241
3374,270
3375,321
3376,251
3377,240
3378,240
3379,230
3380,240
3381,230
3382,240
3383,240
3384,240
3385,230
3386,341
3387,291
3388,260
3389,241
3390,240
3391,241
3392,240
3393,241
3394,250
3395,251
3396,240
3397,231
3398,240
3399,231
3400,230
3401,231
3402,250
3403,241
3404,240
3405,261
3406,240
3407,251
3408,240
3409,241
3410,260
3411,241
3412,240
3413,241
3414,240
3415,241
3416,240
3417,241
3418,250
3419,240
3420,240
3421,240
3422,240
3423,240
3424,240
3425,271
3426,251
3427,250
3428,241
3429,240
3430,251
3431,240
3432,231
3433,290
3434,251
3435,240
3436,241
3437,240
3438,251
3439,250
3440,251
3441,240
3442,241
3443,250
3444,241
3445,240
3446,241
3447,240
3448,241
3449,240
3450,241
3451,240
3452,241
3453,230
3454,241
3455,240
3456,241
3457,230
3458,241
3459,230
3460,241
3461,230
3462,260
3463,241
3464,240
3465,241
3466,240
3467,241
3468,240
3469,240
3470,240
3471,240
3472,240
3473,240
3474,240
3475,240
3476,240
3477,250
3478,250
3479,241
3480,230
3481,231
3482,230
3483,241
3484,240
3485,241
3486,240
3487,241
3488,240
3489,251
3490,250
3491,241
3492,250
3493,251
3494,250
3495,241
3496,240
3497,241
3498,240
3499,241
3500,240
3501,241
3502,240
3503,241
3504,240
3505,241
3506,240
3507,231
3508,240
3509,231
3510,240
3511,231
3512,240
3513,241
3514,260
3515,241
3516,230
3517,241
3518,250
3519,251
3520,250
3521,251
3522,240
3523,251
3524,240
3525,241
3526,240
3527,241
3528,240
3529,241
3530,240
3531,241
3532,240
3533,241
3534,250
3535,241
3536,240
3537,241
3538,240
3539,241
3540,240
3541,251
3542,240
3543,241
3544,240
3545,231
3546,240
3547,241
3548,240
3549,241
3550,240
3551,241
3552,240
3553,251
3554,230
3555,241
3556,240
3557,240
3558,250
3559,241
3560,230
3561,241
3562,240
3563,251
3564,240
3565,241
3566,250
3567,241
3568,240
3569,241
3570,230
3571,240
3572,241
3573,240
3574,231
3575,240
3576,241
3577,240
3578,231
3579,240
3580,231
3581,240
3582,241
3583,230
3584,241
3585,230
3586,260
3587,241
3588,240
3589,241
3590,240
3591,241
3592,240
3593,241
3594,240
3595,231
3596,240
3597,251
3598,230
3599,241
3600,230
3601,241
3602,240
3603,251
3604,240
3605,240
3606,240
3607,240
3608,230
3609,240
3610,231
3611,230
3612,231
3613,230
3614,231
3615,240
3616,241
3617,230
3618,261
3619,240
3620,241
3621,250
3622,241
3623,240
3624,241
3625,240
3626,231
3627,230
3628,241
3629,230
3630,241
3631,240
3632,241
3633,230
3634,241
3635,240
3636,241
3637,230
3638,241
3639,230
3640,241
3641,240
3642,241
3643,240
3644,240
3645,230
3646,240
3647,231
3648,240
3649,241
3650,250
3651,241
3652,230
3653,241
3654,250
3655,241
3656,250
3657,231
3658,230
3659,251
3660,240
3661,230
3662,230
3663,241
3664,240
3665,231
3666,230
3667,241
3668,240
3669,231
3670,230
3671,231
3672,240
3673,241
3674,240
3675,231
3676,240
3677,231
3678,240
3679,241
3680,240
3681,241
3682,240
3683,241
3684,230
3685,231
3686,270
3687,261
3688,260
3689,251
3690,260
3691,231
3692,230
3693,241
3694,250
3695,231
3696,240
3697,241
3698,240
3699,241
3700,240
3701,241
3702,240
3703,241
3704,240
3705,231
3706,240
3707,241
3708,240
3709,241
3710,240
3711,241
3712,240
3713,241
3714,240
3715,241
3716,240
3717,251
3718,240
3719,241
3720,240
3721,241
3722,250
3723,241
3724,240
3725,241
3726,240
3727,251
3728,250
3729,251
3730,250
3731,251
3732,250
3733,251
3734,240
3735,251
3736,240
3737,241
3738,250
3739,251
3740,240
3741,241
3742,250
3743,241
3744,240
3745,231
3746,240
3747,241
3748,240
3749,241
3750,250
3751,241
3752,240
3753,241
3754,240
3755,241
3756,240
3757,241
3758,240
3759,241
3760,240
3761,241
3762,250
3763,241
3764,240
3765,241
3766,240
3767,241
3768,240
3769,241
3770,240
3771,231
3772,240
3773,241
3774,240
3775,241
3776,240
3777,241
3778,240
3779,241
3780,250
3781,241
3782,240
3783,241
3784,240
3785,251
3786,250
3787,241
3788,240
3789,241
3790,240
3791,241
3792,240
3793,241
3794,230
3795,241
3796,250
3797,241
3798,240
3799,241
3800,240
3801,241
3802,240
3803,251
3804,240
3805,241
3806,240
3807,251
3808,240
3809,241
3810,240
3811,241
3812,230
3813,241
3814,230
3815,231
3816,240
3817,241
3818,240
3819,241
3820,240
3821,241
3822,240
3823,241
3824,240
3825,241
3826,240
3827,251
3828,250
3829,241
3830,240
3831,241
3832,240
3833,241
3834,240
3835,241
3836,240
3837,241
3838,240
3839,241
3840,240
3841,240
3842,240
3843,241
3844,240
3845,241
3846,240
3847,241
3848,240
3849,241
3850,240
3851,241
3852,250
3853,241
3854,230
3855,241
3856,240
3857,241
3858,250
3859,231
3860,240
3861,241
3862,240
3863,241
3864,240
3865,251
3866,250
3867,241
3868,240
3869,241
3870,240
3871,241
3872,240
3873,250
3874,250
3875,240
3876,250
3877,240
3878,240
3879,240
3880,240
3881,240
3882,240
3883,240
3884,251
3885,230
3886,251
3887,240
3888,241
3889,240
3890,241
3891,240
3892,241
3893,240
3894,231
3895,230
3896,231
3897,240
3898,231
3899,230
3900,241
3901,230
3902,241
3903,240
3904,251
3905,240
3906,241
3907,230
3908,251
3909,240
3910,241
3911,250
3912,241
3913,240
3914,241
3915,240
3916,241
3917,240
3918,241
3919,240
3920,241
3921,240
3922,241
3923,250
3924,241
3925,240
3926,241
3927,240
3928,241
3929,250
3930,231
3931,250
3932,231
3933,240
3934,231
3935,230
3936,231
3937,240
3938,240
3939,270
3940,251
3941,250
3942,251
3943,260
3944,241
3945,230
3946,241
3947,240
3948,251
3949,240
3950,241
3951,240
3952,241
3953,230
3954,231
3955,240
3956,240
3957,240
3958,230
3959,231
3960,240
3961,231
3962,230
3963,241
3964,240
3965,241
3966,240
3967,241
3968,240
3969,241
3970,230
3971,241
3972,230
3973,241
3974,240
3975,241
3976,240
3977,230
3978,250
3979,241
3980,240
3981,241
3982,240
3983,251
3984,240
3985,241
3986,240
3987,241
3988,240
3989,251
3990,240
3991,241
3992,240
3993,241
3994,240
3995,241
3996,230
3997,240
3998,240
3999,240
4000,241
4001,240
4002,241
4003,240
4004,241
4005,240
4006,241
4007,240
4008,241
4009,240
4010,241
4011,240
4012,241
4013,240
4014,241
4015,230
4016,241
4017,240
4018,231
4019,230
4020,241
4021,240
4022,241
4023,240
4024,241
4025,240
4026,231
4027,240
4028,240
4029,240
4030,230
4031,241
4032,240
4033,241
4034,240
4035,231
4036,240
4037,231
4038,240
4039,241
4040,230
4041,231
4042,240
4043,241
4044,230
4045,241
4046,240
4047,241
4048,240
4049,241
4050,230
4051,251
4052,240
4053,241
4054,240
4055,231
4056,240
4057,240
4058,240
4059,241
4060,240
4061,241
4062,240
4063,241
4064,230
4065,231
4066,240
4067,241
4068,240
4069,230
4070,230
4071,230
4072,241
4073,240
4074,231
4075,240
4076,231
4077,240
4078,241
4079,240
4080,231
4081,240
4082,241
4083,240
4084,241
4085,240
4086,241
4087,240
4088,230
4089,240
4090,240
4091,231
4092,240
4093,241
4094,230
4095,241
4096,240
4097,241
4098,230
4099,241
4100,240
4101,231
4102,240
4103,241
4104,240
4105,241
4106,240
4107,231
4108,240
4109,241
4110,240
4111,241
4112,230
4113,240
4114,231
4115,240
4116,241
4117,240
4118,231
4119,230
4120,241
4121,240
4122,241
4123,230
4124,241
4125,240
4126,241
4127,240
4128,241
4129,240
4130,241
4131,240
4132,241
4133,250
4134,241
4135,230
4136,241
4137,240
4138,231
4139,240
4140,241
4141,240
4142,241
4143,230
4144,241
4145,240
4146,251
4147,240
4148,241
4149,240
4150,241
4151,240
4152,251
4153,240
4154,231
4155,240
4156,231
4157,240
4158,240
4159,240
4160,240
4161,240
4162,230
4163,231
4164,230
4165,241
4166,240
4167,231
4168,240
4169,231
4170,240
4171,241
4172,240
4173,231
4174,240
4175,241
4176,230
4177,231
4178,240
4179,241
4180,240
4181,241
4182,230
4183,241
4184,230
4185,241
4186,240
4187,240
4188,241
4189,230
4190,251
4191,240
4192,241
4193,270
4194,301
4195,241
4196,240
4197,241
4198,240
4199,231
4200,240
4201,241
4202,240
4203,240
4204,240
4205,320
4206,280
4207,270
4208,251
4209,250
4210,241
4211,250
4212,241
4213,250
4214,241
4215,250
4216,241
4217,250
4218,251
4219,240
4220,241
4221,240
4222,240
4223,240
4224,240
4225,240
4226,240
4227,240
4228,240
4229,251
4230,240
4231,241
4232,240
4233,241
4234,250
4235,241
4236,240
4237,251
4238,240
4239,251
4240,250
4241,241
4242,240
4243,251
4244,270
4245,250
4246,251
4247,250
4248,241
4249,240
4250,241
4251,250
4252,281
4253,250
4254,241
4255,240
4256,251
4257,240
4258,241
4259,240
4260,241
4261,250
4262,251
4263,250
4264,241
4265,240
4266,251
4267,240
4268,241
4269,241
4270,250
4271,241
4272,240
4273,241
4274,240
4275,241
4276,250
4277,251
4278,250
4279,241
4280,250
4281,261
4282,240
4283,250
4284,240
4285,240
4286,250
4287,240
4288,240
4289,240
4290,240
4291,251
4292,240
4293,251
4294,240
4295,240
4296,240
4297,260
4298,241
4299,240
4300,241
4301,250
4302,241
4303,250
4304,251
4305,240
4306,241
4307,240
4308,241
4309,240
4310,241
4311,250
4312,251
4313,250
4314,241
4315,240
4316,241
4317,240
4318,251
4319,240
4320,241
4321,250
4322,241
4323,240
4324,241
4325,240
4326,241
4327,240
4328,241
4329,240
4330,241
4331,240
4332,241
4333,250
4334,251
4335,240
4336,251
4337,250
4338,240
4339,250
4340,251
4341,250
4342,240
4343,240
4344,240
4345,240
4346,240
4347,240
4348,240
4349,240
4350,250
4351,240
4352,251
4353,251
4354,240
4355,241
4356,240
4357,241
4358,240
4359,241
4360,250
4361,241
4362,240
4363,241
4364,240
4365,241
4366,240
4367,241
4368,240
4369,251
4370,240
4371,241
4372,240
4373,251
4374,240
4375,251
4376,250
4377,251
4378,240
4379,241
4380,240
4381,241
4382,250
4383,240
4384,240
4385,241
4386,240
4387,231
4388,240
4389,231
4390,240
4391,251
4392,240
4393,241
4394,250
4395,241
4396,230
4397,241
4398,240
4399,251
4400,240
4401,251
4402,240
4403,241
4404,240
4405,250
4406,241
4407,240
4408,241
4409,240
4410,241
4411,240
4412,241
4413,240
4414,251
4415,250
4416,251
4417,250
4418,241
4419,240
4420,251
4421,240
4422,241
4423,240
4424,241
4425,240
4426,241
4427,240
4428,241
4429,240
4430,241
4431,240
4432,241
4433,240
4434,241
4435,250
4436,251
4437,250
4438,241
4439,240
4440,241
4441,240
4442,241
4443,240
4444,241
4445,240
4446,251
4447,250
4448,251
4449,240
4450,241
4451,250
4452,241
4453,250
4454,251
4455,240
4456,241
4457,240
4458,251
4459,250
4460,241
4461,250
4462,241
4463,240
4464,241
4465,250
4466,241
4467,240
4468,241
4469,250
4470,241
4471,240
4472,241
4473,250
4474,241
4475,250
4476,251
4477,240
4478,251
4479,240
4480,241
4481,240
4482,251
4483,240
4484,241
4485,240
4486,241
4487,240
4488,241
4489,240
4490,251
4491,240
4492,241
4493,240
4494,241
4495,240
4496,241
4497,240
4498,241
4499,240
4500,251
4501,240
4502,251
4503,250
4504,251
4505,290
4506,281
4507,260
4508,261
4509,250
4510,241
4511,240
4512,241
4513,251
4514,250
4515,241
4516,240
4517,241
4518,240
4519,251
4520,240
4521,230
4522,240
4523,241
4524,230
4525,240
4526,240
4527,240
4528,230
4529,240
4530,240
4531,240
4532,241
4533,240
4534,241
4535,240
4536,240
4537,230
4538,241
4539,230
4540,231
4541,250
4542,241
4543,240
4544,241
4545,240
4546,241
4547,240
4548,251
4549,240
4550,241
4551,240
4552,241
4553,240
4554,251
4555,240
4556,241
4557,250
4558,251
4559,240
4560,251
4561,240
4562,251
4563,240
4564,251
4565,240
4566,241
4567,240
4568,241
4569,240
4570,241
4571,240
4572,231
4573,230
4574,241
4575,240
4576,241
4577,240
4578,241
4579,240
4580,241
4581,240
4582,241
4583,240
4584,241
4585,240
4586,241
4587,240
4588,231
4589,240
4590,241
4591,240
4592,251
4593,240
4594,241
4595,240
4596,241
4597,240
4598,241
4599,240
4600,231
4601,240
4602,240
4603,230
4604,240
4605,260
4606,241
4607,250
4608,251
4609,240
4610,261
4611,230
4612,241
4613,240
4614,241
4615,240
4616,241
4617,240
4618,251
4619,240
4620,241
4621,240
4622,241
4623,240
4624,231
4625,240
4626,241
4627,240
4628,241
4629,230
4630,231
4631,240
4632,241
4633,240
4634,251
4635,240
4636,240
4637,240
4638,240
4639,240
4640,230
4641,241
4642,240
4643,241
4644,240
4645,250
4646,241
4647,240
4648,241
4649,240
4650,240
4651,240
4652,240
4653,241
4654,240
4655,241
4656,250
4657,251
4658,240
4659,241
4660,240
4661,250
4662,251
4663,240
4664,241
4665,240
4666,241
4667,240
4668,230
4669,230
4670,240
4671,240
4672,240
4673,240
4674,240
4675,240
4676,240
4677,240
4678,240
4679,230
4680,240
4681,240
4682,240
4683,240
4684,240
4685,240
4686,240
4687,240
4688,240
4689,240
4690,230
4691,240
4692,240
4693,230
4694,240
4695,240
4696,240
4697,240
4698,240
4699,241
4700,240
4701,231
4702,240
4703,231
4704,240
4705,241
4706,240
4707,241
4708,230
4709,241
4710,240
4711,241
4712,230
4713,241
4714,230
4715,231
4716,240
4717,231
4718,240
4719,241
4720,240
4721,241
4722,230
4723,241
4724,240
4725,251
4726,240
4727,241
4728,240
4729,231
4730,240
4731,241
4732,240
4733,241
4734,240
4735,241
4736,250
4737,241
4738,240
4739,241
4740,250
4741,241
4742,240
4743,241
4744,240
4745,241
4746,240
4747,241
4748,250
4749,241
4750,250
4751,241
4752,240
4753,241
4754,240
4755,241
4756,240
4757,241
4758,270
4759,261
4760,250
4761,261
4762,250
4763,240
4764,240
4765,241
4766,240
4767,251
4768,240
4769,241
4770,240
4771,241
4772,240
4773,241
4774,240
4775,241
4776,230
4777,241
4778,250
4779,241
4780,240
4781,251
4782,240
4783,241
4784,240
4785,231
4786,240
4787,241
4788,240
4789,241
4790,240
4791,241
4792,240
4793,251
4794,240
4795,241
4796,240
4797,251
4798,250
4799,251
4800,240
4801,241
4802,240
4803,241
4804,240
4805,241
4806,240
4807,241
4808,240
4809,241
4810,240
4811,241
4812,240
4813,231
4814,240
4815,251
4816,240
4817,241
4818,240
4819,241
4820,240
4821,241
4822,250
4823,241
4824,240
4825,241
4826,240
4827,231
4828,240
4829,241
4830,240
4831,241
4832,240
4833,241
4834,240
4835,241
4836,240
4837,240
4838,240
4839,240
4840,250
4841,240
4842,240
4843,240
4844,251
4845,250
4846,251
4847,240
4848,251
4849,250
4850,251
4851,250
4852,251
4853,250
4854,241
4855,240
4856,251
4857,240
4858,241
4859,240
4860,241
4861,250
4862,241
4863,240
4864,241
4865,250
4866,241
4867,240
4868,241
4869,240
4870,251
4871,250
4872,241
4873,240
4874,241
4875,240
4876,241
4877,250
4878,241
4879,240
4880,251
4881,250
4882,251
4883,250
4884,251
4885,250
4886,241
4887,250
4888,251
4889,250
4890,241
4891,240
4892,241
4893,240
4894,231
4895,240
4896,241
4897,240
4898,241
4899,240
4900,241
4901,240
4902,241
4903,240
4904,241
4905,240
4906,241
4907,230
4908,251
4909,250
4910,241
4911,240
4912,251
4913,240
4914,251
4915,240
4916,241
4917,240
4918,251
4919,250
4920,241
4921,250
4922,241
4923,240
4924,251
4925,240
4926,241
4927,240
4928,241
4929,240
4930,241
4931,240
4932,241
4933,240
4934,241
4935,240
4936,241
4937,240
4938,241
4939,240
4940,241
4941,240
4942,241
4943,240
4944,241
4945,240
4946,241
4947,240
4948,241
4949,240
4950,241
4951,250
4952,241
4953,240
4954,241
4955,240
4956,241
4957,240
4958,251
4959,250
4960,241
4961,240
4962,241
4963,240
4964,241
4965,250
4966,251
4967,240
4968,241
4969,250
4970,241
4971,250
4972,251
4973,250
4974,241
4975,240
4976,241
4977,250
4978,241
4979,250
4980,251
4981,250
4982,251
4983,240
4984,241
4985,240
4986,241
4987,240
4988,241
4989,240
4990,241
4991,240
4992,241
4993,240
4994,241
4995,240
4996,241
4997,250
4998,251
4999,250
5000,251
5001,240
5002,241
5003,250
5004,241
5005,240
5006,251
5007,240
5008,241
5009,240
5010,251
5011,240
5012,281
5013,300
5014,241
5015,250
5016,251
5017,250
5018,251
5019,250
5020,241
5021,240
5022,241
5023,240
5024,330
5025,320
5026,251
5027,240
5028,251
5029,240
5030,251
5031,240
5032,240
5033,240
5034,240
5035,240
5036,240
5037,240
5038,240
5039,250
5040,250
5041,241
5042,250
5043,241
5044,240
5045,241
5046,240
5047,241
5048,250
5049,241
5050,240
5051,251
5052,240
5053,251
5054,250
5055,241
5056,250
5057,251
5058,250
5059,231
5060,240
5061,241
5062,240
5063,271
5064,250
5065,240
5066,250
5067,240
5068,240
5069,251
5070,250
5071,281
5072,241
5073,250
5074,251
5075,240
5076,251
5077,250
5078,241
5079,240
5080,241
5081,240
5082,251
5083,240
5084,241
5085,250
5086,241
5087,240
5088,251
5089,250
5090,241
5091,240
5092,241
5093,240
5094,241
5095,250
5096,251
5097,240
5098,241
5099,250
5100,270
5101,251
5102,240
5103,251
5104,250
5105,251
5106,240
5107,251
5108,240
5109,241
5110,240
5111,241
5112,240
5113,251
5114,240
5115,241
5116,250
5117,241
5118,240
5119,251
5120,240
5121,231
5122,240
5123,241
5124,240
5125,241
5126,240
5127,241
5128,240
5129,241
5130,240
5131,241
5132,250
5133,251
5134,240
5135,251
5136,250
5137,241
5138,250
5139,241
5140,250
5141,241
5142,240
5143,251
5144,240
5145,251
5146,240
5147,241
5148,240
5149,241
5150,230
5151,241
5152,250
5153,251
5154,250
5155,251
5156,250
5157,251
5158,240
5159,241
5160,240
5161,241
5162,240
5163,241
5164,240
5165,251
5166,240
5167,241
5168,240
5169,241
5170,240
5171,241
5172,260
5173,240
5174,240
5175,251
5176,240
5177,240
5178,240
5179,251
5180,240
5181,241
5182,240
5183,241
5184,240
5185,241
5186,240
5187,241
5188,240
5189,241
5190,240
5191,241
5192,230
5193,241
5194,240
5195,241
5196,250
5197,251
5198,240
5199,241
5200,240
5201,251
5202,240
5203,241
5204,240
5205,251
5206,230
5207,241
5208,240
5209,241
5210,240
5211,241
5212,240
5213,241
5214,240
5215,240
5216,240
5217,240
5218,241
5219,240
5220,241
5221,230
5222,241
5223,240
5224,260
5225,251
5226,240
5227,251
5228,250
5229,251
5230,240
5231,241
5232,240
5233,241
5234,240
5235,231
5236,240
5237,241
5238,240
5239,241
5240,240
5241,241
5242,240
5243,241
5244,240
5245,241
5246,240
5247,251
5248,240
5249,241
5250,240
5251,231
5252,240
5253,241
5254,240
5255,241
5256,250
5257,251
5258,240
5259,241
5260,240
5261,231
5262,240
5263,231
5264,240
5265,241
5266,230
5267,241
5268,240
5269,241
5270,240
5271,231
5272,240
5273,241
5274,240
5275,241
5276,240
5277,241
5278,240
5279,251
5280,250
5281,241
5282,240
5283,241
5284,240
5285,231
5286,230
5287,241
5288,240
5289,241
5290,230
5291,240
5292,260
5293,241
5294,250
5295,241
5296,250
5297,251
5298,240
5299,251
5300,240
5301,241
5302,240
5303,241
5304,240
5305,241
5306,240
5307,241
5308,240
5309,241
5310,240
5311,241
5312,240
5313,241
5314,240
5315,231
5316,240
5317,241
5318,250
5319,251
5320,240
5321,241
5322,240
5323,241
5324,280
5325,261
5326,250
5327,251
5328,250
5329,241
5330,240
5331,241
5332,250
5333,241
5334,240
5335,251
5336,240
5337,241
5338,240
5339,251
5340,240
5341,241
5342,240
5343,241
5344,250
5345,241
5346,240
5347,241
5348,250
5349,241
5350,250
5351,241
5352,240
5353,241
5354,240
5355,231
5356,240
5357,241
5358,250
5359,241
5360,240
5361,241
5362,250
5363,251
5364,250
5365,241
5366,250
5367,251
5368,240
5369,241
5370,240
5371,241
5372,240
5373,241
5374,240
5375,231
5376,250
5377,240
5378,250
5379,250
5380,251
5381,240
5382,240
5383,250
5384,251
5385,240
5386,240
5387,240
5388,240
5389,240
5390,250
5391,230
5392,240
5393,240
5394,240
5395,251
5396,240
5397,241
5398,250
5399,251
5400,250
5401,251
5402,240
5403,250
5404,250
5405,240
5406,230
5407,241
5408,240
5409,251
5410,250
5411,251
5412,250
5413,251
5414,250
5415,251
5416,240
5417,240
5418,240
5419,240
5420,240
5421,240
5422,250
5423,240
5424,251
5425,250
5426,241
5427,250
5428,241
5429,240
5430,241
5431,240
5432,241
5433,240
5434,231
5435,240
5436,241
5437,240
5438,241
5439,240
5440,231
5441,240
5442,231
5443,240
5444,230
5445,240
5446,230
5447,230
5448,240
5449,241
5450,240
5451,241
5452,240
5453,241
5454,240
5455,251
5456,230
5457,241
5458,240
5459,251
5460,240
5461,241
5462,240
5463,251
5464,240
5465,251
5466,240
5467,241
5468,240
5469,241
5470,240
5471,241
5472,250
5473,251
5474,240
5475,241
5476,240
5477,241
5478,240
5479,251
5480,251
5481,240
5482,241
5483,250
5484,251
5485,250
5486,241
5487,240
5488,241
5489,240
5490,241
5491,240
5492,251
5493,240
5494,241
5495,250
5496,241
5497,250
5498,251
5499,240
5500,240
5501,241
5502,240
5503,251
5504,240
5505,241
5506,240
5507,241
5508,250
5509,251
5510,240
5511,241
5512,240
5513,251
5514,250
5515,251
5516,240
5517,241
5518,240
5519,241
5520,240
5521,241
5522,240
5523,241
5524,240
5525,241
5526,240
5527,251
5528,240
5529,251
5530,240
5531,241
5532,240
5533,241
5534,240
5535,241
5536,240
5537,241
5538,240
5539,241
5540,250
5541,231
5542,240
5543,241
5544,250
5545,251
5546,240
5547,241
5548,240
5549,241
5550,240
5551,241
5552,240
5553,241
5554,240
5555,241
5556,230
5557,241
5558,250
5559,241
5560,250
5561,241
5562,240
5563,251
5564,240
5565,241
5566,240
5567,241
5568,240
5569,241
5570,240
5571,241
5572,240
5573,241
5574,240
5575,241
5576,240
5577,271
5578,260
5579,251
5580,250
5581,261
5582,240
5583,241
5584,240
5585,241
5586,240
5587,241
5588,240
5589,241
5590,240
5591,241
5592,240
5593,241
5594,250
5595,251
5596,250
5597,241
5598,240
5599,241
5600,250
5601,231
5602,240
5603,231
5604,240
5605,241
5606,250
5607,231
5608,240
5609,241
5610,240
5611,241
5612,230
5613,251
5614,250
5615,241
5616,250
5617,251
5618,240
5619,241
5620,240
5621,241
5622,250
5623,241
5624,230
5625,241
5626,230
5627,241
5628,240
5629,241
5630,240
5631,251
5632,240
5633,241
5634,230
5635,241
5636,230
5637,241
5638,240
5639,240
5640,240
5641,240
5642,240
5643,240
5644,251
5645,240
5646,241
5647,240
5648,241
5649,240
5650,241
5651,240
5652,241
5653,240
5654,241
5655,230
5656,241
5657,240
5658,241
5659,240
5660,241
5661,240
5662,241
5663,250
5664,241
5665,230
5666,241
5667,240
5668,240
5669,240
5670,240
5671,241
5672,240
5673,241
5674,240
5675,241
5676,240
5677,241
5678,240
5679,231
5680,230
5681,241
5682,240
5683,241
5684,240
5685,231
5686,240
5687,241
5688,240
5689,241
5690,250
5691,251
5692,240
5693,241
5694,240
5695,241
5696,260
5697,241
5698,250
5699,251
5700,240
5701,231
5702,240
5703,241
5704,240
5705,241
5706,240
5707,241
5708,240
5709,241
5710,240
5711,241
5712,230
5713,240
5714,230
5715,240
5716,231
5717,240
5718,231
5719,240
5720,241
5721,240
5722,241
5723,230
5724,241
5725,240
5726,241
5727,240
5728,241
5729,240
5730,241
5731,230
5732,241
5733,240
5734,241
5735,240
5736,241
5737,240
5738,231
5739,240
5740,241
5741,240
5742,230
5743,240
5744,240
5745,240
5746,240
5747,241
5748,240
5749,241
5750,240
5751,231
5752,240
5753,241
5754,230
5755,241
5756,240
5757,241
5758,240
5759,241
5760,240
5761,231
5762,230
5763,231
5764,240
5765,241
5766,240
5767,230
5768,240
5769,240
5770,240
5771,240
5772,231
5773,240
5774,241
5775,250
5776,241
5777,240
5778,241
5779,240
5780,241
5781,230
5782,241
5783,240
5784,251
5785,250
5786,241
5787,230
5788,241
5789,240
5790,241
5791,240
5792,241
5793,250
5794,241
5795,240
5796,251
5797,240
5798,241
5799,240
5800,241
5801,240
5802,231
5803,240
5804,241
5805,230
5806,241
5807,240
5808,241
5809,240
5810,241
5811,240
5812,241
5813,240
5814,241
5815,240
5816,240
5817,240
5818,240
5819,241
5820,240
5821,241
5822,240
5823,241
5824,240
5825,231
5826,240
5827,241
5828,240
5829,241
5830,240
5831,271
5832,310
5833,241
5834,240
5835,241
5836,240
5837,241
5838,240
5839,241
5840,240
5841,231
5842,230
5843,341
5844,281
5845,250
5846,241
5847,250
5848,251
5849,240
5850,251
5851,261
5852,250
5853,251
5854,240
5855,251
5856,240
5857,241
5858,230
5859,251
5860,240
5861,241
5862,240
5863,241
5864,240
5865,241
5866,240
5867,241
5868,250
5869,241
5870,240
5871,241
5872,240
5873,241
5874,250
5875,261
5876,240
5877,241
5878,250
5879,241
5880,240
5881,241
5882,280
5883,251
5884,240
5885,241
5886,240
5887,241
5888,240
5889,250
5890,281
5891,240
5892,251
5893,240
5894,251
5895,250
5896,241
5897,250
5898,251
5899,240
5900,241
5901,250
5902,241
5903,240
5904,241
5905,240
5906,241
5907,250
5908,241
5909,250
5910,241
5911,240
5912,241
5913,240
5914,241
5915,240
5916,241
5917,230
5918,251
5919,261
5920,250
5921,251
5922,250
5923,241
5924,240
5925,241
5926,230
5927,231
5928,240
5929,251
5930,240
5931,240
5932,240
5933,240
5934,241
5935,261
5936,240
5937,241
5938,250
5939,251
5940,240
5941,241
5942,240
5943,241
5944,240
5945,241
5946,240
5947,241
5948,240
5949,251
5950,240
5951,261
5952,250
5953,241
5954,250
5955,251
5956,240
5957,251
5958,240
5959,241
5960,250
5961,251
5962,240
5963,241
5964,250
5965,231
5966,240
5967,231
5968,230
5969,251
5970,240
5971,261
5972,240
5973,241
5974,250
5975,251
5976,250
5977,241
5978,250
5979,241
5980,240
5981,241
5982,240
5983,251
5984,240
5985,231
5986,240
5987,231
5988,240
5989,241
5990,250
5991,251
5992,240
5993,251
5994,250
5995,241
5996,240
5997,241
5998,240
5999,241
6000,240
6001,241
6002,240
6003,231
6004,230
6005,241
6006,240
6007,241
6008,240
6009,241
6010,240
6011,241
6012,240
6013,251
6014,240
6015,241
6016,240
6017,251
6018,240
6019,231
6020,240
6021,241
6022,240
6023,241
6024,240
6025,231
6026,230
6027,241
6028,240
6029,251
6030,250
6031,241
6032,240
6033,251
6034,240
6035,240
6036,241
6037,240
6038,241
6039,240
6040,241
6041,240
6042,241
6043,261
6044,240
6045,251
6046,250
6047,241
6048,240
6049,241
6050,240
6051,241
6052,240
6053,241
6054,240
6055,241
6056,240
6057,241
6058,250
6059,241
6060,240
6061,241
6062,240
6063,241
6064,240
6065,231
6066,250
6067,241
6068,250
6069,241
6070,240
6071,241
6072,240
6073,231
6074,240
6075,251
6076,240
6077,241
6078,240
6079,231
6080,240
6081,231
6082,230
6083,241
6084,240
6085,241
6086,240
6087,241
6088,240
6089,241
6090,240
6091,231
6092,240
6093,231
6094,240
6095,241
6096,230
6097,241
6098,240
6099,241
6100,230
6101,241
6102,240
6103,241
6104,240
6105,240
6106,230
6107,230
6108,241
6109,240
6110,241
6111,251
6112,240
6113,241
6114,240
6115,251
6116,250
6117,251
6118,240
6119,241
6120,230
6121,241
6122,240
6123,241
6124,240
6125,240
6126,240
6127,240
6128,241
6129,240
6130,241
6131,240
6132,241
6133,240
6134,241
6135,230
6136,241
6137,240
6138,241
6139,240
6140,231
6141,230
6142,241
6143,270
6144,261
6145,250
6146,251
6147,250
6148,240
6149,230
6150,241
6151,261
6152,240
6153,251
6154,240
6155,241
6156,250
6157,241
6158,240
6159,241
6160,240
6161,241
6162,240
6163,240
6164,240
6165,250
6166,240
6167,240
6168,241
6169,240
6170,241
6171,240
6172,241
6173,240
6174,241
6175,230
6176,241
6177,230
6178,241
6179,240
6180,241
6181,240
6182,241
6183,240
6184,241
6185,240
6186,241
6187,240
6188,241
6189,240
6190,241
6191,240
6192,241
6193,230
6194,241
6195,250
6196,241
6197,250
6198,231
6199,240
6200,231
6201,240
6202,241
6203,240
6204,241
6205,240
6206,241
6207,240
6208,241
6209,240
6210,241
6211,240
6212,241
6213,230
6214,231
6215,240
6216,241
6217,250
6218,241
6219,240
6220,241
6221,240
6222,231
6223,230
6224,241
6225,250
6226,241
6227,240
6228,241
6229,240
6230,251
6231,240
6232,231
6233,240
6234,231
6235,240
6236,241
6237,240
6238,241
6239,240
6240,241
6241,240
6242,241
6243,250
6244,231
6245,250
6246,251
6247,240
6248,251
6249,250
6250,241
6251,240
6252,241
6253,240
6254,241
6255,240
6256,241
6257,240
6258,241
6259,240
6260,241
6261,240
6262,231
6263,240
6264,241
6265,240
6266,231
6267,240
6268,241
6269,230
6270,231
6271,240
6272,241
6273,230
6274,241
6275,240
6276,251
6277,240
6278,241
6279,240
6280,241
6281,230
6282,230
6283,241
6284,230
6285,241
6286,240
6287,231
6288,230
6289,231
6290,240
6291,231
6292,240
6293,241
6294,240
6295,241
6296,240
6297,241
6298,240
6299,251
6300,250
6301,241
6302,240
6303,241
6304,250
6305,241
6306,250
6307,241
6308,240
6309,241
6310,240
6311,241
6312,240
6313,241
6314,240
6315,241
6316,250
6317,241
6318,240
6319,241
6320,240
6321,241
6322,250
6323,241
6324,240
6325,241
6326,240
6327,241
6328,240
6329,241
6330,240
6331,241
6332,230
6333,241
6334,240
6335,231
6336,240
6337,241
6338,240
6339,240
6340,250
6341,230
6342,240
6343,240
6344,240
6345,240
6346,240
6347,240
6348,250
6349,240
6350,240
6351,240
6352,240
6353,250
6354,240
6355,240
6356,241
6357,240
6358,241
6359,240
6360,241
6361,240
6362,251
6363,251
6364,240
6365,241
6366,230
6367,240
6368,240
6369,240
6370,240
6371,240
6372,230
6373,240
6374,241
6375,260
6376,241
6377,240
6378,231
6379,230
6380,231
6381,250
6382,241
6383,240
6384,241
6385,240
6386,251
6387,250
6388,251
6389,250
6390,241
6391,240
6392,251
6393,240
6394,241
6395,240
6396,281
6397,260
6398,250
6399,251
6400,250
6401,241
6402,240
6403,241
6404,240
6405,231
6406,240
6407,241
6408,230
6409,240
6410,240
6411,230
6412,230
6413,240
6414,241
6415,230
6416,241
6417,240
6418,241
6419,240
6420,241
6421,230
6422,241
6423,240
6424,241
6425,240
6426,231
6427,240
6428,241
6429,230
6430,231
6431,240
6432,231
6433,240
6434,241
6435,250
6436,241
6437,250
6438,231
6439,240
6440,231
6441,230
6442,241
6443,240
6444,241
6445,230
6446,241
6447,240
6448,241
6449,240
6450,231
6451,240
6452,240
6453,240
6454,240
6455,241
6456,240
6457,231
6458,240
6459,241
6460,240
6461,241
6462,240
6463,241
6464,240
6465,241
6466,240
6467,241
6468,240
6469,241
6470,240
6471,241
6472,240
6473,241
6474,240
6475,241
6476,240
6477,231
6478,240
6479,231
6480,240
6481,241
6482,240
6483,241
6484,230
6485,241
6486,230
6487,231
6488,240
6489,231
6490,240
6491,241
6492,250
6493,241
6494,240
6495,231
6496,240
6497,241
6498,240
6499,241
6500,240
6501,241
6502,270
6503,241
6504,240
6505,251
6506,240
6507,251
6508,240
6509,231
6510,250
6511,241
6512,240
6513,240
6514,240
6515,251
6516,240
6517,241
6518,250
6519,241
6520,240
6521,241
6522,240
6523,251
6524,240
6525,241
6526,240
6527,241
6528,240
6529,241
6530,240
6531,241
6532,240
6533,230
6534,230
6535,240
6536,241
6537,240
6538,241
6539,230
6540,231
6541,230
6542,241
6543,240
6544,231
6545,230
6546,231
6547,240
6548,241
6549,240
6550,241
6551,240
6552,231
6553,240
6554,241
6555,240
6556,241
6557,250
6558,241
6559,250
6560,241
6561,230
6562,240
6563,240
6564,230
6565,240
6566,240
6567,240
6568,240
6569,241
6570,230
6571,241
6572,240
6573,241
6574,230
6575,241
6576,230
6577,231
6578,240
6579,241
6580,240
6581,231
6582,240
6583,241
6584,230
6585,231
6586,240
6587,241
6588,250
6589,241
6590,240
6591,241
6592,230
6593,241
6594,240
6595,241
6596,230
6597,231
6598,230
6599,240
6600,241
6601,240
6602,241
6603,261
6604,240
6605,241
6606,250
6607,251
6608,250
6609,241
6610,240
6611,251
6612,240
6613,241
6614,240
6615,240
6616,240
6617,240
6618,241
6619,240
6620,241
6621,230
6622,241
6623,240
6624,241
6625,240
6626,241
6627,240
6628,241
6629,240
6630,241
6631,240
6632,241
6633,240
6634,241
6635,230
6636,241
6637,240
6638,241
6639,230
6640,241
6641,240
6642,241
6643,240
6644,241
6645,240
6646,231
6647,240
6648,231
6649,240
6650,271
6651,300
6652,241
6653,250
6654,241
6655,240
6656,241
6657,240
6658,241
6659,240
6660,231
6661,240
6662,301
6663,281
6664,250
6665,251
6666,250
6667,251
6668,270
6669,251
6670,250
6671,231
6672,240
6673,251
6674,240
6675,231
6676,240
6677,241
6678,240
6679,251
6680,240
6681,241
6682,240
6683,241
6684,250
6685,241
6686,250
6687,240
6688,240
6689,231
6690,240
6691,241
6692,250
6693,251
6694,251
6695,240
6696,241
6697,250
6698,241
6699,230
6700,240
6701,270
6702,251
6703,250
6704,251
6705,250
6706,251
6707,250
6708,241
6709,300
6710,251
6711,240
6712,251
6713,250
6714,251
6715,240
6716,241
6717,240
6718,241
6719,250
6720,251
6721,240
6722,251
6723,240
6724,241
6725,250
6726,251
6727,250
6728,251
6729,250
6730,251
6731,240
6732,241
6733,240
6734,251
6735,240
6736,241
6737,240
6738,250
6739,251
6740,250
6741,241
6742,240
6743,241
6744,230
6745,241
6746,240
6747,230
6748,240
6749,250
6750,240
6751,240
6752,231
6753,240
6754,260
6755,241
6756,240
6757,240
6758,240
6759,251
6760,240
6761,240
6762,240
6763,250
6764,241
6765,240
6766,241
6767,240
6768,241
6769,240
6770,250
6771,251
6772,240
6773,251
6774,240
6775,231
6776,250
6777,231
6778,240
6779,241
6780,230
6781,240
6782,240
6783,240
6784,241
6785,240
6786,241
6787,240
6788,231
6789,230
6790,251
6791,240
6792,251
6793,240
6794,241
6795,250
6796,241
6797,240
6798,251
6799,250
6800,251
6801,240
6802,241
6803,250
6804,241
6805,240
6806,251
6807,240
6808,241
6809,240
6810,260
6811,251
6812,240
6813,241
6814,240
6815,241
6816,240
6817,241
6818,240
6819,251
6820,240
6821,251
6822,240
6823,241
6824,230
6825,241
6826,230
6827,251
6828,240
6829,251
6830,240
6831,251
6832,240
6833,240
6834,250
6835,241
6836,240
6837,241
6838,250
6839,241
6840,240
6841,241
6842,250
6843,251
6844,250
6845,251
6846,240
6847,241
6848,240
6849,241
6850,250
6851,241
6852,250
6853,251
6854,250
6855,241
6856,240
6857,241
6858,240
6859,241
6860,250
6861,241
6862,260
6863,240
6864,240
6865,240
6866,250
6867,240
6868,240
6869,240
6870,240
6871,241
6872,240
6873,241
6874,240
6875,241
6876,250
6877,241
6878,240
6879,241
6880,240
6881,251
6882,240
6883,241
6884,240
6885,251
6886,240
6887,251
6888,240
6889,241
6890,240
6891,251
6892,240
6893,251
6894,260
6895,241
6896,240
6897,241
6898,240
6899,241
6900,250
6901,251
6902,250
6903,251
6904,240
6905,241
6906,240
6907,251
6908,250
6909,251
6910,250
6911,241
6912,250
6913,241
6914,240
6915,241
6916,240
6917,251
6918,240
6919,240
6920,241
6921,240
6922,241
6923,240
6924,241
6925,240
6926,241
6927,240
6928,231
6929,240
6930,261
6931,240
6932,251
6933,240
6934,241
6935,240
6936,241
6937,240
6938,251
6939,240
6940,241
6941,240
6942,241
6943,240
6944,241
6945,240
6946,241
6947,250
6948,241
6949,250
6950,240
6951,241
6952,250
6953,251
6954,240
6955,241
6956,240
6957,241
6958,240
6959,241
6960,240
6961,241
6962,270
6963,281
6964,260
6965,261
6966,260
6967,251
6968,250
6969,241
6970,261
6971,240
6972,241
6973,240
6974,230
6975,241
6976,240
6977,241
6978,240
6979,241
6980,240
6981,241
6982,240
6983,241
6984,240
6985,241
6986,240
6987,241
6988,240
6989,241
6990,240
6991,241
6992,240
6993,241
6994,240
6995,251
6996,240
6997,241
6998,240
6999,231
7000,240
7001,241
7002,240
7003,231
7004,270
7005,241
7006,240
7007,241
7008,240
7009,241
7010,240
7011,241
7012,240
7013,241
7014,240
7015,251
7016,240
7017,241
7018,240
7019,241
7020,240
7021,241
7022,230
7023,241
7024,230
7025,241
7026,240
7027,241
7028,250
7029,251
7030,250
7031,241
7032,240
7033,240
7034,250
7035,240
7036,240
7037,240
7038,241
7039,240
7040,241
7041,240
7042,241
7043,240
7044,241
7045,240
7046,251
7047,240
7048,241
7049,240
7050,241
7051,240
7052,241
7053,240
7054,241
7055,240
7056,241
7057,250
7058,241
7059,240
7060,241
7061,240
7062,241
7063,250
7064,251
7065,240
7066,241
7067,240
7068,241
7069,240
7070,241
7071,240
7072,241
7073,240
7074,241
7075,230
7076,231
7077,240
7078,241
7079,240
7080,241
7081,240
7082,241
7083,240
7084,241
7085,240
7086,241
7087,240
7088,241
7089,240
7090,241
7091,240
7092,240
7093,240
7094,240
7095,240
7096,240
7097,241
7098,240
7099,231
7100,240
7101,251
7102,240
7103,231
7104,240
7105,241
7106,240
7107,241
7108,230
7109,241
7110,230
7111,241
7112,240
7113,241
7114,230
7115,231
7116,240
7117,241
7118,260
7119,241
7120,240
7121,241
7122,240
7123,231
7124,240
7125,241
7126,240
7127,241
7128,240
7129,241
7130,230
7131,241
7132,240
7133,241
7134,240
7135,240
7136,240
7137,240
7138,240
7139,240
7140,241
7141,240
7142,241
7143,240
7144,241
7145,230
7146,241
7147,240
7148,241
7149,230
7150,231
7151,240
7152,241
7153,240
7154,241
7155,240
7156,241
7157,230
7158,241
7159,240
7160,241
7161,240
7162,241
7163,240
7164,241
7165,240
7166,241
7167,240
7168,241
7169,250
7170,230
7171,240
7172,240
7173,241
7174,250
7175,251
7176,250
7177,251
7178,240
7179,241
7180,240
7181,241
7182,251
7183,240
7184,251
7185,250
7186,240
7187,240
7188,230
7189,241
7190,240
7191,241
7192,240
7193,240
7194,230
7195,231
7196,240
7197,241
7198,240
7199,241
7200,240
7201,241
7202,240
7203,241
7204,230
7205,241
7206,240
7207,241
7208,240
7209,241
7210,240
7211,241
7212,230
7213,241
7214,240
7215,271
7216,260
7217,261
7218,250
7219,251
7220,240
7221,241
7222,240
7223,251
7224,250
7225,241
7226,240
7227,251
7228,240
7229,251
7230,240
7231,241
7232,240
7233,241
7234,240
7235,241
7236,240
7237,241
7238,240
7239,240
7240,240
7241,240
7242,251
7243,250
7244,251
7245,240
7246,241
7247,240
7248,241
7249,240
7250,241
7251,240
7252,241
7253,240
7254,251
7255,250
7256,251
7257,250
7258,251
7259,240
7260,241
7261,240
7262,251
7263,250
7264,251
7265,240
7266,241
7267,250
7268,241
7269,250
7270,241
7271,250
7272,241
7273,240
7274,241
7275,240
7276,241
7277,240
7278,241
7279,250
7280,241
7281,250
7282,240
7283,240
7284,250
7285,240
7286,250
7287,250
7288,240
7289,251
7290,240
7291,241
7292,250
7293,241
7294,240
7295,241
7296,240
7297,241
7298,240
7299,241
7300,250
7301,251
7302,240
7303,430
7304,381
7305,431
7306,251
7307,250
7308,241
7309,240
7310,231
7311,240
7312,231
7313,230
7314,241
7315,240
7316,231
7317,240
7318,231
7319,240
7320,241
7321,230
7322,240
7323,230
7324,240
7325,241
7326,250
7327,231
7328,230
7329,241
7330,230
7331,241
7332,230
7333,241
7334,250
7335,241
7336,240
7337,241
7338,250
7339,241
7340,240
7341,251
7342,240
7343,241
7344,230
7345,241
7346,230
7347,241
7348,240
7349,241
7350,230
7351,241
7352,240
7353,231
7354,240
7355,241
7356,240
7357,241
7358,230
7359,241
7360,230
7361,240
7362,250
7363,240
7364,230
7365,240
7366,241
7367,240
7368,241
7369,240
7370,231
7371,250
7372,231
7373,250
7374,231
7375,250
7376,241
7377,240
7378,231
7379,240
7380,241
7381,230
7382,241
7383,240
7384,241
7385,230
7386,241
7387,230
7388,241
7389,240
7390,250
7391,240
7392,240
7393,241
7394,230
7395,241
7396,240
7397,241
7398,230
7399,241
7400,240
7401,241
7402,240
7403,231
7404,230
7405,241
7406,240
7407,241
7408,240
7409,231
7410,240
7411,241
7412,240
7413,240
7414,240
7415,240
7416,240
7417,240
7418,231
7419,240
7420,241
7421,240
7422,261
7423,240
7424,240
7425,240
7426,241
7427,240
7428,251
7429,250
7430,241
7431,240
7432,241
7433,240
7434,241
7435,240
7436,241
7437,240
7438,241
7439,240
7440,241
7441,240
7442,241
7443,240
7444,241
7445,230
7446,241
7447,240
7448,241
7449,240
7450,241
7451,240
7452,231
7453,240
7454,241
7455,240
7456,241
7457,240
7458,230
7459,240
7460,240
7461,240
7462,241
7463,240
7464,251
7465,240
7466,240
7467,230
7468,240
7469,271
7470,311
7471,250
7472,241
7473,240
7474,241
7475,240
7476,241
7477,240
7478,251
7479,240
7480,241
7481,341
7482,271
7483,250
7484,250
7485,251
7486,250
7487,251
7488,240
7489,251
7490,250
7491,241
7492,230
7493,231
7494,240
7495,241
7496,240
7497,251
7498,240
7499,241
7500,230
7501,241
7502,240
7503,241
7504,230
7505,241
7506,250
7507,241
7508,240
7509,241
7510,240
7511,241
7512,240
7513,251
7514,240
7515,231
7516,240
7517,241
7518,240
7519,241
7520,270
7521,250
7522,241
7523,240
7524,241
7525,250
7526,261
7527,240
7528,311
7529,240
7530,231
7531,240
7532,231
7533,250
7534,231
7535,230
7536,241
7537,240
7538,241
7539,240
7540,241
7541,240
7542,251
7543,250
7544,241
7545,250
7546,251
7547,230
7548,241
7549,240
7550,241
7551,230
7552,231
7553,240
7554,241
7555,230
7556,241
7557,251
7558,250
7559,251
7560,230
7561,251
7562,230
7563,241
7564,240
7565,241
7566,240
7567,241
7568,250
7569,231
7570,230
7571,230
7572,230
7573,251
7574,240
7575,241
7576,240
7577,241
7578,240
7579,230
7580,230
7581,230
7582,231
7583,240
7584,231
7585,230
7586,231
7587,230
7588,231
7589,251
7590,240
7591,231
7592,240
7593,231
7594,240
7595,241
7596,240
7597,231
7598,230
7599,231
7600,240
7601,231
7602,230
7603,241
7604,240
7605,231
7606,230
7607,231
7608,230
7609,251
7610,250
7611,241
7612,240
7613,241
7614,240
7615,241
7616,240
7617,241
7618,230
7619,241
7620,230
7621,241
7622,240
7623,241
7624,250
7625,241
7626,250
7627,251
7628,240
7629,250
7630,250
7631,240
7632,240
7633,240
7634,240
7635,240
7636,240
7637,241
7638,240
7639,241
7640,250
7641,251
7642,240
7643,241
7644,240
7645,251
7646,240
7647,241
7648,230
7649,241
7650,240
7651,251
7652,250
7653,251
7654,250
7655,240
7656,251
7657,240
7658,240
7659,230
7660,250
7661,241
7662,240
7663,241
7664,240
7665,231
7666,240
7667,241
7668,230
7669,241
7670,230
7671,241
7672,240
7673,231
7674,240
7675,231
7676,240
7677,251
7678,240
7679,231
7680,240
7681,260
7682,241
7683,250
7684,241
7685,240
7686,251
7687,250
7688,241
7689,240
7690,240
7691,240
7692,230
7693,240
7694,240
7695,241
7696,240
7697,241
7698,230
7699,241
7700,240
7701,231
7702,240
7703,241
7704,240
7705,241
7706,240
7707,241
7708,240
7709,241
7710,230
7711,231
7712,230
7713,251
7714,230
7715,231
7716,250
7717,241
7718,250
7719,241
7720,250
7721,241
7722,240
7723,231
7724,240
7725,241
7726,240
7727,251
7728,240
7729,241
7730,240
7731,241
7732,240
7733,241
7734,240
7735,241
7736,250
7737,240
7738,240
7739,240
7740,241
7741,240
7742,241
7743,240
7744,241
7745,230
7746,241
7747,240
7748,241
7749,240
7750,250
7751,240
7752,240
7753,240
7754,250
7755,240
7756,240
7757,230
7758,241
7759,240
7760,241
7761,230
7762,241
7763,240
7764,231
7765,230
7766,241
7767,240
7768,241
7769,230
7770,241
7771,230
7772,241
7773,230
7774,241
7775,230
7776,251
7777,240
7778,241
7779,240
7780,241
7781,270
7782,271
7783,250
7784,261
7785,250
7786,231
7787,230
7788,241
7789,240
7790,241
7791,240
7792,241
7793,240
7794,241
7795,240
7796,241
7797,240
7798,241
7799,240
7800,241
7801,240
7802,241
7803,240
7804,241
7805,240
7806,241
7807,240
7808,241
7809,240
7810,241
7811,240
7812,241
7813,240
7814,241
7815,240
7816,241
7817,240
7818,241
7819,240
7820,231
7821,230
7822,241
7823,240
7824,241
7825,240
7826,241
7827,240
7828,241
7829,240
7830,241
7831,240
7832,241
7833,240
7834,241
7835,240
7836,231
7837,230
7838,251
7839,240
7840,241
7841,240
7842,241
7843,240
7844,241
7845,230
7846,241
7847,240
7848,240
7849,230
7850,240
7851,230
7852,240
7853,231
7854,240
7855,241
7856,240
7857,241
7858,250
7859,241
7860,230
7861,241
7862,240
7863,231
7864,240
7865,231
7866,230
7867,241
7868,240
7869,241
7870,250
7871,241
7872,240
7873,241
7874,240
7875,241
7876,240
7877,241
7878,240
7879,231
7880,230
7881,251
7882,240
7883,241
7884,240
7885,231
7886,240
7887,241
7888,240
7889,231
7890,230
7891,231
7892,230
7893,241
7894,240
7895,231
7896,240
7897,241
7898,240
7899,241
7900,240
7901,230
7902,241
7903,230
7904,241
7905,240
7906,231
7907,240
7908,241
7909,230
7910,231
7911,240
7912,231
7913,240
7914,241
7915,240
7916,241
7917,240
7918,241
7919,240
7920,251
7921,240
7922,231
7923,230
7924,241
7925,230
7926,230
7927,230
7928,240
7929,241
7930,240
7931,231
7932,230
7933,241
7934,230
7935,241
7936,240
7937,241
7938,240
7939,241
7940,240
7941,241
7942,250
7943,241
7944,240
7945,241
7946,240
7947,241
7948,240
7949,231
7950,240
7951,231
7952,240
7953,231
7954,240
7955,241
7956,240
7957,241
7958,240
7959,241
7960,240
7961,241
7962,230
7963,231
7964,240
7965,231
7966,240
7967,241
7968,250
7969,241
7970,240
7971,241
7972,240
7973,231
7974,240
7975,230
7976,240
7977,240
7978,250
7979,240
7980,230
7981,240
7982,241
7983,240
7984,241
7985,230
7986,241
7987,240
7988,241
7989,240
7990,241
7991,240
7992,241
7993,240
7994,241
7995,240
7996,241
7997,240
7998,241
7999,240
8000,241
8001,241
8002,240
8003,241
8004,240
8005,240
8006,240
8007,250
8008,251
8009,240
8010,241
8011,240
8012,241
8013,230
8014,241
8015,230
8016,241
8017,240
8018,241
8019,240
8020,231
8021,240
8022,231
8023,240
8024,241
8025,240
8026,241
8027,230
8028,241
8029,240
8030,241
8031,240
8032,241
8033,240
8034,261
8035,250
8036,251
8037,250
8038,261
8039,250
8040,241
8041,240
8042,251
8043,240
8044,241
8045,240
8046,241
8047,230
8048,241
8049,240
8050,251
8051,240
8052,251
8053,240
8054,251
8055,240
8056,241
8057,240
8058,241
8059,240
8060,241
8061,230
8062,241
8063,240
8064,241
8065,240
8066,241
8067,240
8068,241
8069,240
8070,241
8071,240
8072,241
8073,240
8074,241
8075,240
8076,231
8077,240
8078,241
8079,240
8080,241
8081,240
8082,251
8083,250
8084,251
8085,240
8086,241
8087,230
8088,231
8089,250
8090,251
8091,240
8092,231
8093,240
8094,240
8095,240
8096,240
8097,241
8098,250
8099,241
8100,240
8101,251
8102,240
8103,241
8104,240
8105,251
8106,240
8107,251
8108,240
8109,241
8110,230
8111,241
8112,240
8113,241
8114,240
8115,241
8116,240
8117,230
8118,240
8119,230
8120,241
8121,240
8122,241
8123,240
8124,241
8125,240
8126,241
8127,240
8128,241
8129,240
8130,241
8131,240
8132,241
8133,230
8134,251
8135,240
8136,241
8137,240
8138,241
8139,240
8140,241
8141,230
8142,241
8143,240
8144,240
8145,240
8146,250
8147,230
8148,240
8149,241
8150,230
8151,231
8152,230
8153,250
8154,240
8155,240
8156,250
8157,240
8158,250
8159,240
8160,240
8161,250
8162,240
8163,240
8164,240
8165,240
8166,250
8167,240
8168,240
8169,240
8170,240
8171,250
8172,240
8173,240
8174,240
8175,240
8176,250
8177,250
8178,241
8179,240
8180,241
8181,240
8182,241
8183,240
8184,240
8185,240
8186,240
8187,240
8188,251
8189,240
8190,240
8191,240
8192,240
8193,230
8194,240
8195,230
8196,240
8197,241
8198,240
8199,241
8200,230
8201,241
8202,240
8203,241
8204,230
8205,241
8206,240
8207,241
8208,230
8209,251
8210,240
8211,241
8212,240
8213,241
8214,240
8215,241
8216,240
8217,231
8218,240
8219,241
8220,240
8221,241
8222,240
8223,230
8224,241
8225,230
8226,241
8227,240
8228,231
8229,240
8230,241
8231,240
8232,241
8233,240
8234,231
8235,230
8236,241
8237,240
8238,241
8239,240
8240,231
8241,250
8242,241
8243,240
8244,241
8245,240
8246,241
8247,240
8248,251
8249,240
8250,251
8251,240
8252,241
8253,240
8254,251
8255,240
8256,241
8257,240
8258,241
8259,240
8260,241
8261,240
8262,241
8263,240
8264,241
8265,240
8266,241
8267,230
8268,240
8269,230
8270,240
8271,240
8272,240
8273,241
8274,230
8275,231
8276,230
8277,241
8278,240
8279,241
8280,240
8281,241
8282,230
8283,241
8284,240
8285,241
8286,240
8287,241
8288,270
8289,311
8290,250
8291,241
8292,230
8293,241
8294,230
8295,241
8296,240
8297,231
8298,240
8299,241
8300,361
8301,290
8302,250
8303,231
8304,240
8305,251
8306,250
8307,251
8308,250
8309,251
8310,240
8311,241
8312,240
8313,231
8314,240
8315,241
8316,260
8317,251
8318,240
8319,241
8320,240
8321,261
8322,250
8323,241
8324,250
8325,241
8326,240
8327,241
8328,240
8329,251
8330,240
8331,251
8332,240
8333,241
8334,240
8335,231
8336,240
8337,241
8338,240
8339,271
8340,250
8341,251
8342,240
8343,241
8344,240
8345,241
8346,240
8347,281
8348,250
8349,241
8350,240
8351,231
8352,240
8353,241
8354,250
8355,241
8356,240
8357,241
8358,240
8359,241
8360,240
8361,241
8362,240
8363,241
8364,250
8365,241
8366,230
8367,231
8368,240
8369,231
8370,240
8371,231
8372,240
8373,241
8374,240
8375,241
8376,261
8377,230
8378,240
8379,230
8380,240
8381,240
8382,240
8383,231
8384,230
8385,231
8386,230
8387,241
8388,240
8389,241
8390,240
8391,241
8392,250
8393,231
8394,240
8395,241
8396,240
8397,230
8398,240
8399,240
8400,240
8401,241
8402,240
8403,241
8404,240
8405,241
8406,240
8407,241
8408,251
8409,240
8410,241
8411,240
8412,241
8413,240
8414,241
8415,240
8416,240
8417,241
8418,240
8419,241
8420,240
8421,241
8422,240
8423,241
8424,240
8425,241
8426,240
8427,231
8428,250
8429,231
8430,240
8431,241
8432,240
8433,241
8434,240
8435,241
8436,230
8437,241
8438,230
8439,241
8440,240
8441,231
8442,240
8443,231
8444,230
8445,241
8446,230
8447,230
8448,240
8449,241
8450,230
8451,241
8452,240
8453,241
8454,230
8455,241
8456,240
8457,241
8458,240
8459,241
8460,230
8461,241
8462,230
8463,251
8464,240
8465,251
8466,240
8467,231
8468,240
8469,240
8470,240
8471,240
8472,250
8473,241
8474,240
8475,251
8476,240
8477,241
8478,240
8479,240
8480,240
8481,230
8482,241
8483,240
8484,241
8485,240
8486,241
8487,240
8488,241
8489,230
8490,241
8491,240
8492,241
8493,230
8494,241
8495,230
8496,241
8497,240
8498,241
8499,240
8500,261
8501,230
8502,240
8503,240
8504,241
8505,250
8506,241
8507,240
8508,241
8509,230
8510,241
8511,230
8512,241
8513,240
8514,241
8515,240
8516,241
8517,240
8518,231
8519,230
8520,241
8521,240
8522,251
8523,230
8524,241
8525,230
8526,241
8527,240
8528,240
8529,241
8530,240
8531,241
8532,251
8533,240
8534,250
8535,230
8536,240
8537,240
8538,240
8539,240
8540,240
8541,241
8542,230
8543,241
8544,240
8545,241
8546,240
8547,241
8548,230
8549,241
8550,240
8551,241
8552,230
8553,241
8554,240
8555,231
8556,240
8557,241
8558,230
8559,241
8560,240
8561,241
8562,240
8563,241
8564,240
8565,240
8566,241
8567,240
8568,250
8569,241
8570,240
8571,240
8572,230
8573,240
8574,240
8575,240
8576,251
8577,250
8578,241
8579,240
8580,241
8581,250
8582,241
8583,240
8584,241
8585,230
8586,241
8587,230
8588,241
8589,240
8590,241
8591,230
8592,241
8593,240
8594,241
8595,240
8596,230
8597,230
8598,230
8599,241
8600,270
8601,260
8602,261
8603,260
8604,251
8605,240
8606,241
8607,230
8608,241
8609,240
8610,241
8611,240
8612,241
8613,230
8614,241
8615,240
8616,231
8617,240
8618,241
8619,230
8620,230
8621,230
8622,240
8623,231
8624,240
8625,231
8626,240
8627,251
8628,240
8629,231
8630,230
8631,241
8632,230
8633,241
8634,240
8635,231
8636,240
8637,231
8638,240
8639,241
8640,230
8641,241
8642,240
8643,231
8644,230
8645,241
8646,240
8647,241
8648,230
8649,240
8650,240
8651,230
8652,230
8653,241
8654,250
8655,241
8656,230
8657,240
8658,240
8659,240
8660,241
8661,240
8662,241
8663,240
8664,241
8665,240
8666,241
8667,230
8668,241
8669,240
8670,241
8671,240
8672,231
8673,230
8674,251
8675,240
8676,241
8677,230
8678,241
8679,230
8680,231
8681,240
8682,241
8683,230
8684,241
8685,240
8686,241
8687,240
8688,241
8689,230
8690,241
8691,230
8692,231
8693,230
8694,231
8695,240
8696,241
8697,240
8698,240
8699,230
8700,241
8701,240
8702,241
8703,240
8704,231
8705,260
8706,241
8707,240
8708,230
8709,231
8710,230
8711,231
8712,240
8713,241
8714,240
8715,231
8716,240
8717,241
8718,240
8719,231
8720,240
8721,231
8722,230
8723,241
8724,240
8725,241
8726,240
8727,230
8728,241
8729,240
8730,241
8731,230
8732,241
8733,230
8734,241
8735,240
8736,231
8737,240
8738,241
8739,240
8740,241
8741,240
8742,251
8743,240
8744,241
8745,240
8746,241
8747,240
8748,241
8749,240
8750,241
8751,240
8752,251
8753,240
8754,251
8755,240
8756,251
8757,250
8758,241
8759,240
8760,241
8761,240
8762,241
8763,240
8764,241
8765,240
8766,241
8767,240
8768,241
8769,240
8770,241
8771,240
8772,241
8773,240
8774,241
8775,240
8776,241
8777,240
8778,231
8779,230
8780,241
8781,230
8782,240
8783,240
8784,240
8785,241
8786,240
8787,241
8788,240
8789,231
8790,240
8791,241
8792,230
8793,241
8794,240
8795,241
8796,240
8797,231
8798,240
8799,241
8800,230
8801,241
8802,230
8803,231
8804,230
8805,231
8806,240
8807,231
8808,230
8809,241
8810,240
8811,241
8812,240
8813,240
8814,240
8815,240
8816,241
8817,240
8818,241
8819,240
8820,250
8821,231
8822,240
8823,231
8824,230
8825,240
8826,230
8827,240
8828,241
8829,240
8830,231
8831,230
8832,231
8833,240
8834,241
8835,240
8836,241
8837,240
8838,241
8839,240
8840,241
8841,240
8842,241
8843,240
8844,241
8845,240
8846,231
8847,230
8848,231
8849,230
8850,241
8851,240
8852,230
8853,270
8854,251
8855,250
8856,251
8857,250
8858,241
8859,240
8860,231
8861,230
8862,241
8863,240
8864,240
8865,240
8866,240
8867,231
8868,230
8869,231
8870,240
8871,231
8872,230
8873,241
8874,230
8875,231
8876,230
8877,231
8878,230
8879,230
8880,240
8881,230
8882,231
8883,230
8884,241
8885,240
8886,231
8887,230
8888,241
8889,240
8890,231
8891,230
8892,241
8893,230
8894,231
8895,230
8896,231
8897,230
8898,231
8899,240
8900,241
8901,240
8902,241
8903,240
8904,230
8905,231
8906,240
8907,241
8908,240
8909,231
8910,230
8911,241
8912,240
8913,231
8914,240
8915,241
8916,240
8917,231
8918,230
8919,241
8920,240
8921,240
8922,230
8923,240
8924,241
8925,240
8926,241
8927,230
8928,241
8929,230
8930,241
8931,240
8932,241
8933,230
8934,231
8935,240
8936,231
8937,230
8938,231
8939,240
8940,241
8941,240
8942,240
8943,240
8944,240
8945,241
8946,230
8947,231
8948,230
8949,241
8950,240
8951,241
8952,240
8953,241
8954,230
8955,241
8956,230
8957,241
8958,240
8959,251
8960,240
8961,231
8962,230
8963,230
8964,240
8965,240
8966,241
8967,230
8968,241
8969,230
8970,241
8971,240
8972,251
8973,240
8974,241
8975,240
8976,231
8977,240
8978,241
8979,240
8980,231
8981,240
8982,231
8983,240
8984,231
8985,240
8986,241
8987,230
8988,241
8989,240
8990,231
8991,240
8992,240
8993,240
8994,230
8995,241
8996,240
8997,231
8998,240
8999,231
9000,230
9001,231
9002,240
9003,241
9004,240
9005,241
9006,240
9007,241
9008,240
9009,241
9010,240
9011,241
9012,230
9013,241
9014,240
9015,240
9016,230
9017,230
9018,241
9019,230
9020,241
9021,230
9022,241
9023,230
9024,241
9025,240
9026,231
9027,240
9028,231
9029,240
9030,231
9031,240
9032,241
9033,240
9034,240
9035,241
9036,230
9037,231
9038,240
9039,231
9040,240
9041,241
9042,240
9043,231
9044,240
9045,241
9046,230
9047,241
9048,230
9049,241
9050,240
9051,230
9052,240
9053,230
9054,241
9055,240
9056,241
9057,230
9058,231
9059,240
9060,241
9061,230
9062,241
9063,240
9064,241
9065,240
9066,241
9067,240
9068,241
9069,240
9070,241
9071,240
9072,241
9073,240
9074,231
9075,240
9076,231
9077,240
9078,241
9079,230
9080,251
9081,230
9082,240
9083,231
9084,240
9085,231
9086,260
9087,241
9088,240
9089,241
9090,240
9091,241
9092,240
9093,241
9094,240
9095,251
9096,240
9097,241
9098,240
9099,251
9100,240
9101,241
9102,240
9103,251
9104,240
9105,241
9106,250
9107,281
9108,290
9109,251
9110,240
9111,251
9112,240
9113,251
9114,240
9115,241
9116,240
9117,251
9118,250
9119,321
9120,270
9121,250
9122,241
9123,250
9124,251
9125,240
9126,241
9127,240
9128,251
9129,240
9130,231
9131,240
9132,241
9133,240
9134,241
9135,240
9136,241
9137,230
9138,241
9139,240
9140,241
9141,240
9142,241
9143,240
9144,241
9145,240
9146,251
9147,240
9148,241
9149,240
9150,241
9151,240
9152,241
9153,240
9154,241
9155,240
9156,241
9157,240
9158,271
9159,241
9160,250
9161,241
9162,250
9163,241
9164,250
9165,240
9166,280
9167,241
9168,240
9169,241
9170,240
9171,251
9172,250
9173,241
9174,240
9175,241
9176,240
9177,241
9178,240
9179,241
9180,240
9181,251
9182,240
9183,251
9184,230
9185,241
9186,240
9187,241
9188,250
9189,241
9190,250
9191,241
9192,240
9193,231
9194,240
9195,251
9196,240
9197,241
9198,230
9199,231
9200,230
9201,241
9202,240
9203,231
9204,230
9205,241
9206,240
9207,231
9208,230
9209,261
9210,240
9211,251
9212,250
9213,241
9214,250
9215,241
9216,240
9217,241
9218,240
9219,241
9220,230
9221,231
9222,230
9223,241
9224,240
9225,231
9226,230
9227,251
9228,240
9229,241
9230,240
9231,241
9232,230
9233,231
9234,240
9235,231
9236,240
9237,231
9238,240
9239,231
9240,230
9241,231
9242,240
9243,230
9244,240
9245,240
9246,241
9247,251
9248,240
9249,241
9250,230
9251,251
9252,240
9253,240
9254,231
9255,240
9256,231
9257,240
9258,241
9259,240
9260,231
9261,240
9262,231
9263,240
9264,241
9265,230
9266,241
9267,260
9268,251
9269,240
9270,241
9271,240
9272,241
9273,240
9274,231
9275,240
9276,231
9277,240
9278,241
9279,230
9280,241
9281,240
9282,251
9283,240
9284,241
9285,230
9286,241
9287,240
9288,241
9289,240
9290,241
9291,250
9292,241
9293,250
9294,241
9295,240
9296,251
9297,230
9298,241
9299,230
9300,241
9301,240
9302,231
9303,240
9304,230
9305,241
9306,240
9307,241
9308,240
9309,241
9310,240
9311,241
9312,240
9313,241
9314,230
9315,241
9316,230
9317,241
9318,250
9319,261
9320,250
9321,241
9322,230
9323,231
9324,230
9325,241
9326,240
9327,231
9328,240
9329,241
9330,230
9331,231
9332,230
9333,231
9334,240
9335,241
9336,230
9337,241
9338,240
9339,241
9340,240
9341,241
9342,240
9343,241
9344,230
9345,240
9346,240
9347,240
9348,240
9349,230
9350,241
9351,251
9352,240
9353,241
9354,240
9355,241
9356,230
9357,240
9358,240
9359,240
9360,241
9361,230
9362,231
9363,240
9364,231
9365,230
9366,231
9367,240
9368,231
9369,240
9370,231
9371,240
9372,231
9373,230
9374,230
9375,231
9376,230
9377,231
9378,240
9379,231
9380,240
9381,231
9382,240
9383,231
9384,230
9385,231
9386,230
9387,241
9388,240
9389,241
9390,240
9391,241
9392,240
9393,241
9394,240
9395,231
9396,240
9397,240
9398,240
9399,240
9400,231
9401,240
9402,231
9403,240
9404,241
9405,240
9406,241
9407,240
9408,241
9409,230
9410,241
9411,240
9412,241
9413,240
9414,231
9415,230
9416,240
9417,240
9418,240
9419,271
9420,271
9421,250
9422,261
9423,250
9424,241
9425,230
9426,251
9427,250
9428,241
9429,240
9430,241
9431,240
9432,241
9433,230
9434,231
9435,240
9436,241
9437,240
9438,241
9439,240
9440,241
9441,240
9442,241
9443,230
9444,241
9445,240
9446,230
9447,241
9448,240
9449,231
9450,240
9451,241
9452,240
9453,241
9454,240
9455,241
9456,240
9457,241
9458,240
9459,241
9460,240
9461,231
9462,240
9463,241
9464,240
9465,231
9466,240
9467,241
9468,240
9469,231
9470,240
9471,241
9472,250
9473,241
9474,230
9475,231
9476,240
9477,231
9478,230
9479,240
9480,240
9481,230
9482,241
9483,240
9484,231
9485,240
9486,241
9487,240
9488,241
9489,240
9490,241
9491,230
9492,241
9493,230
9494,241
9495,240
9496,241
9497,240
9498,231
9499,240
9500,241
9501,240
9502,241
9503,240
9504,240
9505,240
9506,240
9507,240
9508,240
9509,241
9510,240
9511,241
9512,240
9513,241
9514,240
9515,241
9516,240
9517,241
9518,240
9519,251
9520,240
9521,241
9522,240
9523,231
9524,240
9525,241
9526,240
9527,241
9528,240
9529,241
9530,240
9531,231
9532,240
9533,241
9534,240
9535,231
9536,230
9537,241
9538,240
9539,240
9540,240
9541,240
9542,241
9543,240
9544,241
9545,240
9546,241
9547,240
9548,241
9549,240
9550,241
9551,240
9552,241
9553,240
9554,241
9555,230
9556,231
9557,240
9558,241
9559,240
9560,241
9561,240
9562,241
9563,230
9564,241
9565,230
9566,230
9567,231
9568,240
9569,241
9570,230
9571,241
9572,230
9573,241
9574,240
9575,241
9576,240
9577,241
9578,250
9579,241
9580,240
9581,231
9582,240
9583,241
9584,240
9585,231
9586,230
9587,241
9588,240
9589,251
9590,230
9591,241
9592,240
9593,241
9594,240
9595,241
9596,230
9597,241
9598,240
9599,241
9600,240
9601,241
9602,240
9603,230
9604,230
9605,240
9606,241
9607,240
9608,241
9609,230
9610,231
9611,240
9612,241
9613,240
9614,241
9615,240
9616,231
9617,230
9618,241
9619,230
9620,241
9621,240
9622,241
9623,250
9624,251
9625,250
9626,241
9627,240
9628,240
9629,240
9630,240
9631,231
9632,240
9633,241
9634,240
9635,231
9636,240
9637,231
9638,240
9639,241
9640,240
9641,251
9642,240
9643,241
9644,240
9645,241
9646,240
9647,241
9648,240
9649,241
9650,240
9651,241
9652,240
9653,241
9654,230
9655,240
9656,231
9657,230
9658,231
9659,240
9660,241
9661,240
9662,241
9663,240
9664,231
9665,230
9666,241
9667,240
9668,230
9669,240
9670,230
9671,241
9672,270
9673,260
9674,241
9675,250
9676,251
9677,240
9678,241
9679,240
9680,241
9681,240
9682,241
9683,240
9684,241
9685,240
9686,241
9687,230
9688,251
9689,240
9690,241
9691,240
9692,241
9693,240
9694,241
9695,240
9696,241
9697,240
9698,240
9699,240
9700,240
9701,241
9702,240
9703,231
9704,240
9705,241
9706,240
9707,241
9708,230
9709,241
9710,240
9711,251
9712,250
9713,241
9714,240
9715,241
9716,240
9717,241
9718,240
9719,241
9720,240
9721,241
9722,240
9723,231
9724,240
9725,241
9726,240
9727,241
9728,250
9729,241
9730,240
9731,241
9732,240
9733,241
9734,250
9735,241
9736,240
9737,241
9738,240
9739,240
9740,240
9741,240
9742,240
9743,240
9744,251
9745,240
9746,241
9747,240
9748,231
9749,240
9750,241
9751,240
9752,241
9753,240
9754,241
9755,240
9756,241
9757,230
9758,231
9759,230
9760,241
9761,230
9762,241
9763,230
9764,241
9765,230
9766,230
9767,241
9768,230
9769,241
9770,230
9771,231
9772,230
9773,241
9774,240
9775,241
9776,230
9777,241
9778,230
9779,241
9780,240
9781,231
9782,230
9783,231
9784,240
9785,241
9786,240
9787,240
9788,240
9789,240
9790,241
9791,251
9792,240
9793,241
9794,240
9795,240
9796,240
9797,230
9798,241
9799,230
9800,241
9801,240
9802,241
9803,240
9804,241
9805,230
9806,231
9807,230
9808,241
9809,230
9810,241
9811,230
9812,241
9813,240
9814,231
9815,230
9816,230
9817,230
9818,240
9819,231
9820,240
9821,231
9822,240
9823,231
9824,240
9825,241
9826,240
9827,231
9828,230
9829,231
9830,240
9831,231
9832,230
9833,230
9834,240
9835,230
9836,241
9837,230
9838,231
9839,230
9840,231
9841,270
9842,241
9843,240
9844,241
9845,230
9846,241
9847,230
9848,251
9849,230
9850,241
9851,240
9852,231
9853,240
9854,241
9855,230
9856,230
9857,230
9858,230
9859,231
9860,240
9861,231
9862,230
9863,231
9864,230
9865,231
9866,230
9867,231
9868,240
9869,231
9870,230
9871,240
9872,241
9873,240
9874,241
9875,230
9876,241
9877,230
9878,241
9879,250
9880,241
9881,240
9882,241
9883,240
9884,251
9885,240
9886,241
9887,240
9888,231
9889,240
9890,231
9891,240
9892,231
9893,230
9894,241
9895,230
9896,240
9897,231
9898,240
9899,241
9900,240
9901,231
9902,260
9903,290
9904,241
9905,230
9906,231
9907,240
9908,241
9909,230
9910,231
9911,240
9912,241
9913,240
9914,231
9915,230
9916,240
9917,240
9918,240
9919,231
9920,240
9921,231
9922,230
9923,241
9924,230
9925,301
9926,331
9927,381
9928,301
9929,301
9930,291
9931,290
9932,300
9933,300
9934,301
9935,291
9936,291
9937,240
9938,311
9939,270
9940,250
9941,251
9942,250
9943,251
9944,250
9945,251
9946,260
9947,251
9948,240
9949,231
9950,240
9951,241
9952,240
9953,241
9954,240
9955,240
9956,240
9957,230
9958,250
9959,240
9960,240
9961,250
9962,251
9963,240
9964,241
9965,250
9966,241
9967,250
9968,251
9969,240
9970,241
9971,250
9972,241
9973,230
9974,241
9975,240
9976,241
9977,270
9978,251
9979,240
9980,251
9981,250
9982,241
9983,240
9984,241
9985,280
9986,240
9987,250
9988,250
9989,250
9990,250
9991,241
9992,240
9993,251
9994,250
9995,251
9996,250
9997,241
9998,240
9999,251
